id,country,league,season,round,date,time,count,home,away,homeScore,awayScore,homeGoals,homeScorers,homeAsists,awayGoals,awayScorers,awayAsists,1HalfStats home Ball Possession,1HalfStats away Ball Possession,1HalfStats home Goal Attempts,1HalfStats away Goal Attempts,1HalfStats home Shots on Goal,1HalfStats away Shots on Goal,1HalfStats home Shots off Goal,1HalfStats away Shots off Goal,1HalfStats home Blocked Shots,1HalfStats away Blocked Shots,1HalfStats home Free Kicks,1HalfStats away Free Kicks,1HalfStats home Corner Kicks,1HalfStats away Corner Kicks,1HalfStats home Offsides,1HalfStats away Offsides,1HalfStats home Throw-in,1HalfStats away Throw-in,1HalfStats home Goalkeeper Saves,1HalfStats away Goalkeeper Saves,1HalfStats home Fouls,1HalfStats away Fouls,1HalfStats home Yellow Cards,1HalfStats away Yellow Cards,1HalfStats home Red Cards,1HalfStats away Red Cards,1HalfStats home Total Passes,1HalfStats away Total Passes,1HalfStats home Completed Passes,1HalfStats away Completed Passes,1HalfStats home Tackles,1HalfStats away Tackles,1HalfStats home Attacks,1HalfStats away Attacks,1HalfStats home Dangerous Attacks,1HalfStats away Dangerous Attacks,2HalfStats home Ball Possession,2HalfStats away Ball Possession,2HalfStats home Goal Attempts,2HalfStats away Goal Attempts,2HalfStats home Shots on Goal,2HalfStats away Shots on Goal,2HalfStats home Shots off Goal,2HalfStats away Shots off Goal,2HalfStats home Blocked Shots,2HalfStats away Blocked Shots,2HalfStats home Free Kicks,2HalfStats away Free Kicks,2HalfStats home Corner Kicks,2HalfStats away Corner Kicks,2HalfStats home Offsides,2HalfStats away Offsides,2HalfStats home Throw-in,2HalfStats away Throw-in,2HalfStats home Goalkeeper Saves,2HalfStats away Goalkeeper Saves,2HalfStats home Fouls,2HalfStats away Fouls,2HalfStats home Yellow Cards,2HalfStats away Yellow Cards,2HalfStats home Red Cards,2HalfStats away Red Cards,2HalfStats home Total Passes,2HalfStats away Total Passes,2HalfStats home Completed Passes,2HalfStats away Completed Passes,2HalfStats home Tackles,2HalfStats away Tackles,2HalfStats home Attacks,2HalfStats away Attacks,2HalfStats home Dangerous Attacks,2HalfStats away Dangerous Attacks,moneyLineOdds home,moneyLineOdds draw,moneyLineOdds away,overUnderOdds over0.5,overUnderOdds under0.5,overUnderOdds over1.5,overUnderOdds under1.5,overUnderOdds over2.5,overUnderOdds under2.5,overUnderOdds over3.5,overUnderOdds under3.5
171,england,premier-league,2022-2023,19,03.01.2023,15:00,171 out of 171,Manchester Utd,Bournemouth,3,0,"['23', '49', '86']","['Casemiro', 'Shaw L.', 'Rashford M.']","['Eriksen C.', 'Garnacho A.', 'Fernandes B.']",[],[],[],63%,37%,5,2,1,0,2,1,2,1,5,6,1,3,0,2,6,7,0,0,8,4,0,1,0,0,332,189,284,147,6,8,76,33,31,18,55%,45%,13,5,5,4,4,1,4,0,2,5,5,2,0,0,7,3,4,3,5,3,0,2,0,0,244,207,208,165,3,9,46,45,28,22,1.25,6.25,12.00,1.01,15.00,1.14,5.25,1.53,2.50,2.33,1.60
170,england,premier-league,2022-2023,19,03.01.2023,14:45,170 out of 171,Arsenal,Newcastle,0,0,[],[],[],[],[],[],63%,37%,7,6,1,1,3,3,3,2,10,9,0,2,1,2,9,4,1,1,8,8,3,2,0,0,247,142,216,107,4,17,57,36,27,20,71%,29%,10,2,3,0,5,2,2,0,9,2,5,3,0,2,4,7,0,3,2,8,1,2,0,0,289,111,245,75,9,6,70,35,43,23,1.75,3.90,4.75,1.04,10.25,1.28,3.50,1.85,1.94,3.05,1.36
169,england,premier-league,2022-2023,19,03.01.2023,14:45,169 out of 171,Everton,Brighton,1,4,['90+2'],['Gray D.'],['noName'],"['14', '51', '54', '57']","['Mitoma K.', 'Ferguson E.', 'March S.', 'Gross P.']","['Caicedo M.', 'noName', 'Ferguson E.', 'noName']",53%,47%,6,7,3,1,2,3,1,3,7,5,5,1,0,0,11,9,0,3,5,7,0,1,0,0,238,213,211,172,6,11,55,48,26,20,45%,55%,4,12,1,7,3,3,0,2,2,4,0,1,1,0,5,11,4,0,3,3,3,0,0,0,224,279,194,246,12,6,47,48,13,18,3.25,3.30,2.35,1.05,9.10,1.33,3.20,2.08,1.74,3.65,1.26
168,england,premier-league,2022-2023,19,03.01.2023,14:45,168 out of 171,Leicester,Fulham,0,1,[],[],[],['17'],['Mitrovic A.'],['Willian'],51%,49%,6,9,2,2,2,6,2,1,4,5,2,3,0,0,14,13,1,2,6,4,0,0,0,0,216,199,171,164,10,9,57,48,17,23,70%,30%,9,2,4,0,4,1,1,1,7,6,4,0,0,1,11,15,0,4,6,7,2,6,0,0,332,149,277,101,7,4,73,33,29,16,2.40,3.60,2.85,1.02,12.75,1.19,4.35,1.68,2.17,2.65,1.46
167,england,premier-league,2022-2023,19,02.01.2023,12:30,167 out of 171,Brentford,Liverpool,3,1,"['19', '42', '84']","['Konate I.', 'Wissa Y.', 'Mbeumo B.']","['noName', 'Jensen M.', 'noName']",['50'],['Oxlade-Chamberlain A.'],['Alexander-Arnold T.'],25%,75%,9,8,6,4,2,1,1,3,3,7,3,3,5,1,10,12,4,4,2,2,1,1,0,0,104,333,59,287,6,3,29,66,15,32,29%,71%,1,8,1,2,0,2,0,4,9,5,1,6,2,3,4,16,1,0,3,6,0,2,0,0,133,319,59,356,11,6,37,67,14,30,6.00,4.50,1.53,1.01,13.50,1.19,4.50,1.62,2.30,2.48,1.51
166,england,premier-league,2022-2023,18,01.01.2023,11:30,166 out of 171,Nottingham,Chelsea,1,1,['63'],['Aurier S.'],['Boly W.'],['16'],['Sterling R.'],['noName'],20%,80%,3,6,2,2,0,1,1,3,5,9,0,2,0,1,10,11,1,2,9,5,1,0,0,0,93,396,69,367,5,6,16,68,12,23,36%,64%,9,1,3,0,4,1,2,0,10,8,1,0,2,1,11,9,0,2,7,9,1,2,0,0,163,301,127,256,13,10,49,48,29,15,5.50,4.20,1.62,1.04,10.25,1.29,3.45,1.88,1.90,3.15,1.34
165,england,premier-league,2022-2023,18,01.01.2023,09:00,165 out of 171,Tottenham,Aston Villa,0,2,[],[],[],"['50', '73']","['Buendia E.', 'Douglas Luiz']","['Watkins O.', 'McGinn J.']",57%,43%,3,3,2,0,0,2,1,1,5,7,3,0,0,0,10,11,0,2,7,5,3,0,0,0,297,221,260,187,10,9,70,39,32,11,61%,39%,3,10,0,4,2,2,1,4,4,10,2,3,1,0,11,10,2,0,8,5,1,3,0,0,282,182,238,134,4,9,51,52,24,15,1.65,4.20,5.25,1.02,12.75,1.19,4.30,1.64,2.25,2.51,1.50
164,england,premier-league,2022-2023,18,31.12.2022,12:30,164 out of 171,Brighton,Arsenal,2,4,"['65', '77']","['Mitoma K.', 'Ferguson E.']","['Gross P.', 'noName']","['2', '39', '47', '71']","['Saka B.', 'Odegaard M.', 'Nketiah E.', 'Martinelli G.']","['noName', 'noName', 'noName', 'Odegaard M.']",67%,33%,3,8,2,3,0,1,1,4,6,4,3,4,2,0,11,6,1,2,2,6,1,2,0,0,319,158,282,119,3,8,43,42,12,21,69%,31%,6,6,3,4,2,2,1,0,4,8,4,0,3,0,15,7,2,1,5,5,2,1,0,0,278,130,245,90,5,11,55,30,37,15,4.20,3.65,1.90,1.04,10.00,1.29,3.45,1.88,1.90,3.10,1.34
163,england,premier-league,2022-2023,18,31.12.2022,10:00,163 out of 171,Bournemouth,Crystal Palace,0,2,[],[],[],"['19', '36']","['Ayew J.', 'Eze E.']","['Olise M.', 'Olise M.']",55%,45%,1,10,0,4,1,3,0,3,6,7,1,3,0,0,20,15,2,0,8,6,2,0,0,0,205,166,149,118,10,14,32,55,20,20,63%,37%,5,5,2,2,2,1,1,2,6,7,1,4,1,1,21,13,2,2,9,5,2,1,0,0,250,151,193,100,7,17,62,50,36,28,2.90,3.20,2.63,1.07,8.10,1.38,2.94,2.26,1.63,4.10,1.22
162,england,premier-league,2022-2023,18,31.12.2022,10:00,162 out of 171,Fulham,Southampton,2,1,"['32', '88']","['Ward-Prowse J.', 'Palhinha J.']","['noName', 'Tete K.']",['56'],['Ward-Prowse J.'],['noName'],71%,29%,4,6,0,2,3,3,1,1,6,6,1,2,1,0,14,12,2,0,5,6,0,0,0,0,358,142,303,85,10,15,75,49,29,17,53%,47%,4,3,2,1,2,1,0,1,5,3,3,2,0,0,17,18,0,1,3,7,0,1,0,0,221,200,161,139,9,6,77,48,17,8,1.80,3.85,4.33,1.03,11.00,1.25,3.80,1.76,2.05,2.80,1.41
161,england,premier-league,2022-2023,18,31.12.2022,10:00,161 out of 171,Manchester City,Everton,1,1,['24'],['Haaland E.'],['Mahrez R.'],['64'],['Gray D.'],['Gueye I.'],69%,31%,5,0,1,0,2,0,2,0,5,8,3,0,1,2,11,5,0,0,8,5,3,2,0,0,323,141,296,118,5,2,68,22,31,9,78%,22%,11,2,2,1,4,0,5,1,8,8,4,1,2,0,16,6,0,2,5,9,0,2,0,0,339,97,301,67,8,11,77,23,56,7,1.14,8.50,21.00,0,0,1.09,6.90,1.37,3.10,1.92,1.87
160,england,premier-league,2022-2023,18,31.12.2022,10:00,160 out of 171,Newcastle,Leeds,0,0,[],[],[],[],[],[],50%,50%,9,6,3,0,4,3,2,3,8,8,4,3,1,0,14,10,0,3,7,8,1,1,0,0,186,181,135,131,11,14,42,46,30,13,69%,31%,7,2,2,1,5,0,0,1,9,9,5,0,2,0,21,7,1,2,6,11,2,4,0,0,233,116,189,58,5,18,80,29,36,5,1.48,4.75,6.50,1.02,13.00,1.19,4.30,1.65,2.22,2.58,1.48
159,england,premier-league,2022-2023,18,31.12.2022,07:30,159 out of 171,Wolves,Manchester Utd,0,1,[],[],[],['76'],['Rashford M.'],['Fernandes B.'],46%,54%,5,7,1,2,0,2,4,3,4,7,2,3,1,1,9,14,2,1,5,3,1,0,0,0,221,256,175,209,7,8,49,60,19,27,46%,54%,5,9,2,4,1,3,2,2,9,6,5,2,0,1,9,4,3,2,6,8,0,3,0,0,173,228,124,185,9,9,47,48,26,31,4.00,3.65,1.95,1.04,10.25,1.28,3.55,1.86,1.93,3.05,1.36
158,england,premier-league,2022-2023,18,30.12.2022,15:00,158 out of 171,Liverpool,Leicester,2,1,"['38', '45']","['Faes W.', 'Faes W.']","['noName', 'noName']",['4'],['Dewsbury-Hall K.'],['Daka P.'],59%,41%,9,2,1,1,5,0,3,1,7,5,2,3,1,2,12,7,0,0,4,7,0,0,0,0,279,197,241,156,10,9,66,44,35,10,55%,45%,12,5,4,1,5,3,3,1,11,5,2,2,1,3,7,7,1,4,4,8,0,1,0,0,309,251,245,182,8,5,72,29,34,19,1.25,6.50,11.00,0,0,1.10,6.60,1.39,2.96,1.98,1.82
157,england,premier-league,2022-2023,18,30.12.2022,14:45,157 out of 171,West Ham,Brentford,0,2,[],[],[],"['18', '43']","['Toney I.', 'Dasilva J.']","['noName', 'Toney I.']",65%,35%,9,4,2,4,4,0,3,0,3,3,4,0,0,0,16,9,2,2,3,3,0,0,0,0,316,181,274,140,7,11,80,33,39,7,61%,39%,11,5,3,2,5,2,3,1,0,4,4,1,0,0,11,5,2,3,6,2,1,0,0,0,254,167,220,120,5,5,57,40,32,13,2.00,3.60,3.75,1.01,10.00,1.26,3.55,1.85,1.88,3.05,1.33
156,england,premier-league,2022-2023,17,28.12.2022,15:00,156 out of 171,Leeds,Manchester City,1,3,['73'],['Struijk P.'],['Greenwood S.'],"['45+1', '51', '64']","['Rodri', 'Haaland E.', 'Haaland E.']","['noName', 'Grealish J.', 'Grealish J.']",26%,74%,1,16,0,5,1,9,0,2,3,6,0,3,0,0,10,12,4,0,6,3,0,0,0,0,141,399,95,354,6,7,25,78,7,25,40%,60%,8,10,1,4,3,3,4,3,9,5,3,2,0,1,7,12,2,0,5,11,3,3,0,0,166,291,130,258,7,6,49,38,27,22,9.00,6.50,1.29,0,0,1.10,6.50,1.39,2.97,1.98,1.82
155,england,premier-league,2022-2023,17,27.12.2022,15:00,155 out of 171,Manchester Utd,Nottingham,3,0,"['19', '22', '87']","['Rashford M.', 'Martial A.', 'Fred']","['Eriksen C.', 'Rashford M.', 'Casemiro']",[],[],[],70%,30%,6,2,3,1,1,1,2,0,2,8,2,3,0,1,8,9,1,1,8,1,1,1,0,0,339,145,300,106,7,8,61,44,29,17,62%,38%,11,6,5,2,2,2,4,2,4,6,7,6,1,1,7,14,2,4,5,3,2,0,0,0,293,169,250,118,11,9,60,46,34,29,1.35,5.25,9.00,1.01,14.75,1.13,5.60,1.47,2.66,2.16,1.68
154,england,premier-league,2022-2023,17,27.12.2022,12:30,154 out of 171,Chelsea,Bournemouth,2,0,"['16', '24']","['Havertz K.', 'Mount M.']","['Sterling R.', 'Havertz K.']",[],[],[],69%,31%,7,1,4,1,2,0,1,0,5,7,3,3,2,0,5,4,1,2,6,6,0,0,0,0,330,142,295,108,8,8,47,31,26,13,51%,49%,8,8,1,3,5,4,2,1,3,2,3,5,1,0,6,10,3,1,2,4,0,0,0,0,233,215,202,182,10,10,38,66,24,36,1.35,5.50,8.50,1.01,14.00,1.18,4.55,1.62,2.28,2.53,1.49
153,england,premier-league,2022-2023,17,26.12.2022,15:00,153 out of 171,Arsenal,West Ham,3,1,"['53', '58', '69']","['Saka B.', 'Martinelli G.', 'Nketiah E.']","['Odegaard M.', 'Xhaka G.', 'Odegaard M.']",['27'],['Benrahma S.'],['noName'],72%,28%,6,3,1,2,2,1,3,0,8,6,2,2,2,0,8,6,1,1,5,9,0,2,0,0,344,135,302,91,6,4,64,21,46,10,60%,40%,10,5,4,2,4,3,2,0,6,9,5,3,1,0,1,9,2,1,8,8,0,0,0,0,313,196,279,157,9,10,54,39,35,14,1.55,4.33,6.00,1.03,10.75,1.24,3.50,1.84,1.95,3.05,1.36
152,england,premier-league,2022-2023,17,26.12.2022,12:30,152 out of 171,Aston Villa,Liverpool,1,3,['59'],['Watkins O.'],['Douglas Luiz'],"['5', '37', '81']","['Salah M.', 'van Dijk V.', 'Bajcetic S.']","['Robertson A.', 'Salah M.', 'noName']",39%,61%,4,8,3,6,1,2,0,0,10,6,0,3,1,3,7,8,4,3,5,7,0,0,0,0,190,293,150,254,4,7,26,56,10,17,55%,45%,8,8,3,3,2,4,3,1,5,4,0,3,2,0,7,7,2,2,2,5,0,0,0,0,281,221,211,163,8,12,63,40,32,21,4.75,4.00,1.70,1.02,12.50,1.19,4.30,1.64,2.25,2.50,1.50
151,england,premier-league,2022-2023,17,26.12.2022,10:00,151 out of 171,Crystal Palace,Fulham,0,3,[],[],[],"['31', '71', '80']","['Reid B.', 'Ream T.', 'Mitrovic A.']","['Mitrovic A.', 'noName', 'noName']",44%,56%,2,5,0,2,2,2,0,1,10,7,1,3,1,2,4,9,1,0,8,8,1,0,1,0,230,283,174,233,8,10,30,68,7,24,28%,72%,2,18,0,9,1,4,1,5,6,4,0,4,0,0,7,10,7,0,4,7,1,0,1,0,138,350,98,301,7,6,32,71,4,54,2.20,3.50,3.30,1.04,10.25,1.28,3.50,1.90,1.88,3.20,1.33
150,england,premier-league,2022-2023,17,26.12.2022,10:00,150 out of 171,Everton,Wolves,1,2,['7'],['Mina Y.'],['McNeil D.'],"['22', '90+5']","['Podence D.', 'Ait Nouri R.']","['Moutinho J.', 'noName']",59%,41%,4,3,4,2,0,0,0,1,11,4,1,2,1,1,6,15,1,3,3,10,1,0,0,0,279,189,238,149,10,12,60,39,16,23,57%,43%,8,4,2,2,4,2,2,0,10,5,1,0,0,1,13,13,1,2,6,12,0,6,0,0,226,170,188,124,7,7,52,37,34,16,2.50,3.25,3.00,1.07,8.20,1.38,2.93,2.26,1.63,4.15,1.21
149,england,premier-league,2022-2023,17,26.12.2022,10:00,149 out of 171,Leicester,Newcastle,0,3,[],[],[],"['3', '7', '32']","['Wood Ch.', 'Almiron M.', 'Joelinton']","['noName', 'Guimaraes B.', 'Trippier K.']",47%,53%,2,7,0,4,1,1,1,2,5,1,3,2,0,0,10,15,1,0,2,5,0,0,0,0,206,241,159,186,14,6,54,47,25,19,73%,27%,6,5,2,1,1,3,3,1,2,10,2,3,3,1,13,7,1,2,7,1,0,0,0,0,369,139,307,89,10,6,65,49,23,16,3.40,3.55,2.15,1.04,10.00,1.28,3.50,1.90,1.88,3.20,1.33
148,england,premier-league,2022-2023,17,26.12.2022,10:00,148 out of 171,Southampton,Brighton,1,3,['73'],['Ward-Prowse J.'],['noName'],"['14', '35', '56']","['Lallana A.', 'Perraud R.', 'March S.']","['March S.', 'noName', 'Veltman J.']",30%,70%,7,4,2,3,4,1,1,0,3,3,3,1,0,1,7,9,1,2,4,4,0,0,0,0,153,379,118,339,9,7,39,43,27,24,38%,62%,7,3,2,1,3,1,2,1,6,6,1,1,0,0,15,12,0,1,5,6,1,2,0,0,176,301,131,239,7,14,50,58,21,30,3.65,3.45,2.10,1.04,10.00,1.28,3.50,1.90,1.88,3.15,1.33
147,england,premier-league,2022-2023,17,26.12.2022,07:30,147 out of 171,Brentford,Tottenham,2,2,"['15', '54']","['Janelt V.', 'Toney I.']","['noName', 'Norgaard C.']","['65', '71']","['Kane H.', 'Hojbjerg P.']","['Lenglet C.', 'noName']",42%,58%,4,6,3,3,1,0,0,3,7,2,5,1,1,0,12,12,3,2,2,8,0,0,0,0,186,250,118,205,9,9,57,64,24,21,36%,64%,5,9,2,5,2,2,1,2,6,9,1,4,0,4,4,11,3,1,9,2,3,1,0,0,149,261,95,211,7,9,46,62,17,35,3.45,3.65,2.10,1.03,11.50,1.24,3.90,1.76,2.06,2.83,1.41
146,england,premier-league,2022-2023,16,13.11.2022,11:30,146 out of 171,Fulham,Manchester Utd,1,2,['61'],['James D.'],['noName'],"['14', '90+3']","['Eriksen C.', 'Garnacho A.']","['noName', 'Eriksen C.']",52%,48%,4,7,2,4,2,2,0,1,3,5,3,2,1,1,10,7,3,2,4,3,1,0,0,0,250,232,198,185,9,8,71,32,30,22,54%,46%,10,7,5,5,3,1,2,1,7,5,7,1,0,1,10,9,4,4,5,7,0,1,0,0,211,201,168,159,9,4,46,38,35,13,3.85,3.65,1.90,1.03,11.50,1.23,3.95,1.73,2.10,2.73,1.43
145,england,premier-league,2022-2023,16,13.11.2022,09:00,145 out of 171,Brighton,Aston Villa,1,2,['1'],['Mac Allister A.'],['noName'],"['20', '54']","['Ings D.', 'Ings D.']","['noName', 'Douglas Luiz']",57%,43%,2,5,1,1,0,1,1,3,3,6,8,3,1,0,15,9,0,0,6,4,0,1,0,0,205,160,174,125,3,11,43,17,24,13,73%,27%,5,3,1,1,1,2,3,0,8,9,3,1,2,1,12,12,0,1,8,7,2,6,0,0,321,133,280,86,11,12,77,41,42,8,1.70,3.65,5.00,1.05,9.20,1.33,3.20,2.00,1.80,3.40,1.30
144,england,premier-league,2022-2023,16,12.11.2022,14:45,144 out of 171,Wolves,Arsenal,0,2,[],[],[],"['54', '75']","['Odegaard M.', 'Odegaard M.']","['Vieira F.', 'noName']",30%,70%,3,6,0,0,2,4,1,2,4,5,3,2,3,1,8,6,0,0,2,2,2,0,0,0,136,309,102,283,8,6,30,70,12,34,44%,56%,8,8,2,4,4,3,2,1,3,3,3,2,0,0,9,7,2,2,3,4,1,2,0,0,212,270,175,234,9,4,43,64,25,24,5.50,3.85,1.60,1.04,10.00,1.29,3.45,1.90,1.88,3.20,1.33
143,england,premier-league,2022-2023,16,12.11.2022,12:30,143 out of 171,Newcastle,Chelsea,1,0,['67'],['Willock J.'],['Almiron M.'],[],[],[],57%,43%,5,1,0,1,2,0,3,0,5,11,3,1,2,0,12,12,1,0,9,4,0,1,0,0,271,205,234,168,12,8,72,32,25,10,41%,59%,5,4,3,1,1,2,1,1,5,5,2,2,1,0,11,8,1,2,5,7,4,1,0,0,180,266,138,228,11,15,60,53,20,21,2.15,3.35,3.40,1.05,9.00,1.33,3.20,2.06,1.76,3.55,1.27
142,england,premier-league,2022-2023,16,12.11.2022,10:00,142 out of 171,Bournemouth,Everton,3,0,"['18', '25', '69']","['Tavernier M.', 'Moore K.', 'Anthony J.']","['noName', 'Tavernier M.', 'Cook L.']",[],[],[],38%,62%,9,7,6,1,1,2,2,4,4,8,2,2,0,1,8,5,1,4,8,3,2,0,0,0,156,251,116,210,7,15,41,61,18,17,34%,66%,7,8,3,2,3,4,1,2,4,5,1,3,1,0,5,10,2,2,4,5,0,0,0,0,149,291,107,254,8,15,49,63,21,31,2.70,3.20,2.70,1.06,8.50,1.35,3.05,2.18,1.67,3.90,1.24
141,england,premier-league,2022-2023,16,12.11.2022,10:00,141 out of 171,Liverpool,Southampton,3,1,"['6', '21', '42']","['Firmino R.', 'Nunez D.', 'Nunez D.']","['Robertson A.', 'Elliott H.', 'Robertson A.']",['9'],['Adams C.'],['Ward-Prowse J.'],66%,34%,8,4,7,1,1,2,0,1,4,3,0,0,0,1,11,7,0,4,3,3,0,1,0,0,402,201,357,156,6,3,54,44,23,24,54%,46%,7,5,0,4,5,1,2,0,6,5,6,0,0,1,10,10,4,0,5,5,0,1,0,0,268,244,221,200,6,13,55,53,33,23,1.27,5.50,11.00,0,0,1.09,6.80,1.37,3.05,1.93,1.86
140,england,premier-league,2022-2023,16,12.11.2022,10:00,140 out of 171,Nottingham,Crystal Palace,1,0,['54'],['Gibbs-White M.'],['noName'],[],[],[],34%,66%,2,4,0,0,2,4,0,0,6,6,1,3,2,0,10,14,0,0,5,7,0,1,0,0,155,310,114,272,13,7,26,67,11,19,30%,70%,7,4,2,0,4,3,1,1,6,8,0,2,1,0,12,9,0,1,6,6,1,3,0,0,129,323,89,279,8,4,26,83,17,32,3.35,3.10,2.30,1.07,8.00,1.38,2.93,2.26,1.63,4.10,1.22
139,england,premier-league,2022-2023,16,12.11.2022,10:00,139 out of 171,Tottenham,Leeds,4,3,"['25', '51', '81', '83']","['Kane H.', 'Davies B.', 'Bentancur R.', 'Bentancur R.']","['noName', 'noName', 'noName', 'Kulusevski D.']","['10', '43', '76']","['Summerville C.', 'Rodrigo', 'Rodrigo']","['Aaronson B.', 'Kristensen R.', 'Roca M.']",55%,45%,7,5,4,4,1,0,2,1,3,3,6,1,0,1,12,5,2,3,4,2,0,0,0,0,277,233,217,175,6,7,51,56,29,12,55%,45%,7,7,4,1,2,2,1,4,5,5,3,1,0,0,17,15,0,1,4,5,1,3,0,1,268,231,233,191,6,13,52,50,34,29,1.72,3.90,4.50,1.01,13.50,1.18,4.55,1.60,2.35,2.41,1.54
138,england,premier-league,2022-2023,16,12.11.2022,10:00,138 out of 171,West Ham,Leicester,0,2,[],[],[],"['8', '78']","['Maddison J.', 'Barnes H.']","['Daka P.', 'Perez A.']",47%,53%,8,5,3,4,4,1,1,0,3,2,1,2,2,0,15,16,3,3,2,4,1,0,0,0,199,218,158,177,9,9,69,37,25,13,62%,38%,10,4,3,2,5,1,2,1,6,7,6,0,0,0,13,11,1,3,7,4,2,1,0,0,284,204,215,153,9,10,74,47,31,16,2.05,3.45,3.55,1.04,10.00,1.28,3.50,1.90,1.90,3.15,1.34
137,england,premier-league,2022-2023,16,12.11.2022,07:30,137 out of 171,Manchester City,Brentford,1,2,['45+1'],['Foden P.'],['Akanji M.'],"['16', '90+8']","['Toney I.', 'Toney I.']","['noName', 'Dasilva J.']",74%,26%,15,6,2,4,4,1,9,1,2,4,6,1,1,0,12,4,3,1,3,3,1,0,0,0,319,114,270,64,4,6,70,37,57,12,76%,24%,14,4,4,4,5,0,5,0,6,6,4,1,1,2,4,3,3,4,6,4,1,2,0,0,303,102,260,59,5,5,66,29,54,21,1.14,8.00,17.00,0,0,1.10,6.60,1.39,2.99,1.98,1.82
136,england,premier-league,2022-2023,15,06.11.2022,11:30,136 out of 171,Tottenham,Liverpool,1,2,['70'],['Kane H.'],['Kulusevski D.'],"['11', '40']","['Salah M.', 'Salah M.']","['Nunez D.', 'noName']",36%,64%,3,9,2,4,0,1,1,4,4,7,0,2,1,0,12,10,2,2,6,5,0,0,0,0,211,378,164,329,7,9,45,78,19,20,58%,42%,11,4,3,2,6,2,2,0,5,4,5,1,0,2,9,4,2,2,4,3,0,0,0,0,307,238,264,186,8,5,75,44,56,17,3.40,3.70,2.00,1.02,13.00,1.19,4.45,1.63,2.26,2.51,1.50
135,england,premier-league,2022-2023,15,06.11.2022,09:00,135 out of 171,Aston Villa,Manchester Utd,3,1,"['7', '11', '49']","['Bailey L.', 'Digne L.', 'Ramsey J.']","['Ramsey J.', 'noName', 'Watkins O.']",['45'],['Ramsey J.'],['noName'],50%,50%,4,5,2,2,2,1,0,2,6,3,1,3,0,2,9,10,1,0,3,5,1,1,0,0,238,228,202,188,7,5,38,55,21,28,34%,66%,2,3,2,1,0,1,0,1,8,3,2,2,0,1,7,12,1,1,3,7,2,2,0,0,163,315,133,275,9,11,29,63,7,32,3.20,3.40,2.25,1.04,10.25,1.27,3.60,1.88,1.90,3.15,1.34
134,england,premier-league,2022-2023,15,06.11.2022,09:00,134 out of 171,Southampton,Newcastle,1,4,['89'],['Perraud R.'],['Salisu M.'],"['35', '58', '62', '90+1']","['Almiron M.', 'Wood Ch.', 'Willock J.', 'Guimaraes B.']","['noName', 'Murphy J.', 'Trippier K.', 'Saint-Maximin A.']",50%,50%,4,4,1,1,1,2,2,1,5,5,3,2,1,1,11,10,0,1,4,4,0,0,0,0,200,194,140,126,9,6,46,42,17,20,60%,40%,12,3,4,3,5,0,3,0,5,6,5,0,3,0,8,7,0,3,3,6,1,0,0,0,268,186,226,131,12,9,74,35,44,13,4.33,3.50,1.85,1.04,9.80,1.30,3.40,1.90,1.88,3.15,1.34
133,england,premier-league,2022-2023,15,06.11.2022,09:00,133 out of 171,West Ham,Crystal Palace,1,2,['20'],['Benrahma S.'],['Paqueta L.'],"['41', '90+4']","['Zaha W.', 'Olise M.']","['Eze E.', 'Zaha W.']",37%,63%,3,8,1,4,2,1,0,3,4,4,0,3,1,0,10,5,3,0,4,4,0,0,0,0,188,334,150,295,7,6,39,52,11,27,47%,53%,2,7,1,2,1,1,0,4,3,9,2,2,3,0,4,12,1,1,6,3,1,1,0,0,231,257,187,220,9,7,49,42,14,16,1.90,3.45,4.20,1.06,8.70,1.35,3.10,2.07,1.75,3.55,1.28
132,england,premier-league,2022-2023,15,06.11.2022,07:00,132 out of 171,Chelsea,Arsenal,0,1,[],[],[],['63'],['Gabriel'],['Saka B.'],38%,62%,3,7,1,0,1,5,1,2,6,9,1,3,0,0,9,8,0,1,10,7,1,1,0,0,161,258,121,223,6,8,34,47,17,25,50%,50%,2,7,0,2,0,4,2,1,6,10,3,3,3,0,8,9,1,0,10,6,4,1,0,0,191,190,137,148,18,10,46,44,18,36,2.65,3.30,2.65,1.04,10.25,1.27,3.65,1.90,1.88,3.20,1.33
131,england,premier-league,2022-2023,15,05.11.2022,12:30,131 out of 171,Everton,Leicester,0,2,[],[],[],"['45', '86']","['Tielemans Y.', 'Barnes H.']","['Maddison J.', 'Maddison J.']",47%,53%,7,15,1,4,4,5,2,6,4,5,3,2,0,0,8,11,3,1,5,4,0,0,0,0,233,262,197,228,7,6,51,65,24,22,51%,49%,5,7,1,4,1,2,3,1,2,4,5,1,0,1,13,7,3,1,4,1,0,0,0,0,249,265,188,219,7,7,66,49,36,21,2.45,3.30,2.88,1.04,9.80,1.29,3.45,1.98,1.82,3.40,1.30
130,england,premier-league,2022-2023,15,05.11.2022,10:00,130 out of 171,Leeds,Bournemouth,4,3,"['3', '60', '68', '84']","['Rodrigo', 'Greenwood S.', 'Cooper L.', 'Summerville C.']","['noName', 'noName', 'Greenwood S.', 'Gnonto W.']","['7', '19', '48']","['Tavernier M.', 'Billing P.', 'Solanke D.']","['noName', 'Tavernier M.', 'Tavernier M.']",61%,39%,3,7,1,5,1,1,1,1,5,8,5,3,0,0,7,11,3,0,8,6,0,1,0,0,241,156,203,116,13,6,61,30,32,18,61%,39%,15,2,3,1,5,1,7,0,3,8,8,0,0,0,16,10,0,0,8,4,2,1,0,0,202,134,155,95,11,10,48,53,37,10,1.71,3.95,4.50,1.02,11.75,1.23,4.00,1.70,2.12,2.68,1.45
129,england,premier-league,2022-2023,15,05.11.2022,10:00,129 out of 171,Manchester City,Fulham,2,1,"['16', '90+5']","['Alvarez J.', 'Haaland E.']","['Gundogan I.', 'noName']",['28'],['Pereira A.'],['noName'],73%,27%,10,1,4,1,3,0,3,0,5,6,7,0,2,0,7,4,0,3,4,5,1,2,1,0,352,132,324,103,5,9,57,19,30,3,69%,31%,6,3,1,1,2,1,3,1,5,3,2,0,1,0,12,6,1,0,2,6,1,2,0,0,365,163,328,130,11,6,64,32,31,15,1.17,7.00,15.00,0,0,1.08,7.00,1.36,3.15,1.90,1.88
128,england,premier-league,2022-2023,15,05.11.2022,10:00,128 out of 171,Nottingham,Brentford,2,2,"['20', '90+6']","['Gibbs-White M.', 'Zanka']","['Dennis E.', 'noName']","['45+3', '75']","['Mbeumo B.', 'Wissa Y.']","['noName', 'Jensen M.']",39%,61%,6,3,6,1,0,1,0,1,5,8,1,2,0,0,14,15,0,5,8,6,2,1,0,0,164,250,123,201,7,6,39,33,18,19,57%,43%,9,3,1,1,6,2,2,0,7,2,2,1,0,2,18,8,0,0,2,5,0,1,0,0,255,227,191,161,11,7,75,38,43,19,2.63,3.10,2.80,1.06,8.50,1.35,3.05,2.18,1.67,3.90,1.24
127,england,premier-league,2022-2023,15,05.11.2022,10:00,127 out of 171,Wolves,Brighton,2,3,"['12', '35']","['Guedes G.', 'Neves R.']","['Traore B.', 'noName']","['10', '44', '83']","['Lallana A.', 'Mitoma K.', 'Gross P.']","['Trossard L.', 'Lallana A.', 'noName']",30%,70%,2,8,2,3,0,2,0,3,4,7,0,5,0,0,6,7,1,0,8,4,0,0,1,0,144,333,112,302,11,6,32,40,11,16,28%,72%,6,11,3,5,1,5,2,1,7,6,4,4,1,1,3,9,4,3,7,7,2,0,0,0,112,320,80,285,7,9,37,65,21,38,3.55,3.20,2.15,1.07,8.20,1.38,2.96,2.20,1.66,3.95,1.23
126,england,premier-league,2022-2023,14,30.10.2022,11:15,126 out of 171,Manchester Utd,West Ham,1,0,['38'],['Rashford M.'],['Eriksen C.'],[],[],[],55%,45%,9,3,3,0,3,0,3,3,6,8,3,2,1,1,7,12,0,2,7,6,0,1,0,0,262,210,222,170,7,4,57,47,27,20,51%,49%,7,10,0,5,4,2,3,3,3,4,2,8,0,1,5,7,5,0,5,4,1,2,0,0,228,202,183,171,11,9,44,58,23,40,1.66,4.00,4.75,1.04,10.25,1.28,3.50,1.86,1.93,3.05,1.36
125,england,premier-league,2022-2023,14,30.10.2022,09:00,125 out of 171,Arsenal,Nottingham,5,0,"['5', '49', '52', '57', '78']","['Martinelli G.', 'Nelson R.', 'Nelson R.', 'Partey T.', 'Odegaard M.']","['Saka B.', 'noName', 'Jesus G.', 'Nelson R.', 'Jesus G.']",[],[],[],72%,28%,10,4,2,1,3,2,5,1,5,4,5,1,0,1,12,7,1,1,5,6,0,1,0,0,305,118,269,81,5,12,63,30,48,11,66%,34%,14,1,8,1,2,0,4,0,3,5,4,3,1,1,6,7,1,4,4,2,0,0,0,0,308,151,278,123,9,13,58,30,34,11,1.20,6.50,13.00,0,0,1.14,5.25,1.52,2.51,2.33,1.60
124,england,premier-league,2022-2023,14,29.10.2022,13:45,124 out of 171,Liverpool,Leeds,1,2,['14'],['Salah M.'],['Robertson A.'],"['4', '89']","['Rodrigo', 'Summerville C.']","['noName', 'Bamford P.']",69%,31%,6,9,3,2,3,6,0,1,2,6,7,0,0,0,13,12,1,2,6,2,0,0,0,0,358,160,295,108,7,12,82,39,35,14,69%,31%,16,5,7,4,5,0,4,1,1,3,7,4,0,0,8,21,3,7,3,1,0,1,0,0,321,144,259,84,10,9,83,29,45,26,1.28,6.00,9.00,0,0,1.08,7.00,1.36,3.15,1.90,1.88
123,england,premier-league,2022-2023,14,29.10.2022,11:30,123 out of 171,Fulham,Everton,0,0,[],[],[],[],[],[],56%,44%,11,8,4,4,4,2,3,2,4,4,7,4,0,0,7,12,4,4,4,4,1,0,0,0,220,169,192,132,2,9,44,29,30,20,58%,42%,13,1,2,0,6,1,5,0,8,6,6,0,0,5,16,9,0,2,6,4,1,1,0,0,243,201,194,163,10,6,46,47,48,10,2.25,3.35,3.10,1.04,10.50,1.26,3.70,1.86,1.93,3.05,1.35
122,england,premier-league,2022-2023,14,29.10.2022,09:00,122 out of 171,Bournemouth,Tottenham,2,3,"['22', '49']","['Moore K.', 'Moore K.']","['Tavernier M.', 'Smith A.']","['57', '73', '90+2']","['Sessegnon R.', 'Davies B.', 'Bentancur R.']","['Hojbjerg P.', 'Perisic I.', 'noName']",35%,65%,4,5,2,2,2,3,0,0,5,4,2,7,0,3,4,6,2,1,4,2,0,0,0,0,192,335,156,300,11,7,27,73,17,44,27%,73%,2,18,2,5,0,7,0,6,3,4,0,12,0,0,9,7,2,1,6,3,1,2,0,0,100,296,67,267,7,9,29,70,14,46,4.75,3.85,1.69,1.05,9.30,1.33,3.20,2.00,1.80,3.40,1.30
121,england,premier-league,2022-2023,14,29.10.2022,09:00,121 out of 171,Brentford,Wolves,1,1,['50'],['Mee B.'],['Mbeumo B.'],['52'],['Neves R.'],['Semedo N.'],58%,42%,3,7,0,0,3,5,0,2,6,3,0,3,0,1,13,8,0,0,3,6,0,2,0,0,250,173,211,139,11,5,46,40,25,15,58%,42%,9,6,3,4,3,1,3,1,10,7,3,3,0,0,11,8,3,2,7,11,3,1,0,1,169,131,126,90,6,12,35,45,29,23,2.15,3.45,3.30,1.04,10.00,1.28,3.50,1.90,1.88,3.20,1.33
120,england,premier-league,2022-2023,14,29.10.2022,09:00,120 out of 171,Brighton,Chelsea,4,1,"['5', '14', '42', '90+2']","['Trossard L.', 'Loftus-Cheek R.', 'Chalobah T.', 'Gross P.']","['Mitoma K.', 'noName', 'noName', 'noName']",['48'],['Havertz K.'],['Gallagher C.'],52%,48%,9,6,4,4,4,1,1,1,2,4,7,4,0,0,8,11,4,1,4,3,0,1,0,0,203,189,165,150,6,2,38,50,23,29,30%,70%,10,9,5,3,3,4,2,2,3,10,1,3,0,0,6,12,2,4,12,3,1,1,0,0,146,324,111,291,11,6,23,64,15,28,2.95,3.30,2.38,1.05,9.60,1.30,3.40,1.98,1.80,3.40,1.30
119,england,premier-league,2022-2023,14,29.10.2022,09:00,119 out of 171,Crystal Palace,Southampton,1,0,['38'],['Edouard O.'],['Mitchell T.'],[],[],[],51%,49%,9,4,3,0,3,2,3,2,9,7,6,1,1,2,8,8,0,2,6,9,1,3,0,0,211,201,156,151,6,12,60,41,40,18,39%,61%,3,10,0,4,1,4,2,2,7,11,2,3,4,1,4,10,4,0,7,3,2,0,0,0,191,296,134,253,17,7,38,68,24,35,1.95,3.50,3.90,1.06,8.90,1.35,3.10,2.08,1.73,3.65,1.26
118,england,premier-league,2022-2023,14,29.10.2022,09:00,118 out of 171,Newcastle,Aston Villa,4,0,"['45+6', '56', '59', '67']","['Wilson C.', 'Wilson C.', 'Joelinton', 'Almiron M.']","['noName', 'Trippier K.', 'noName', 'Wilson C.']",[],[],[],58%,42%,6,3,3,0,2,0,1,3,8,10,0,0,2,1,14,11,0,2,8,7,0,1,0,0,254,186,196,132,8,11,53,42,34,18,62%,38%,14,0,4,0,8,0,2,0,6,4,3,0,0,2,10,11,0,1,3,4,1,0,0,0,266,170,214,131,7,8,59,41,22,7,1.77,3.75,4.33,1.04,10.25,1.28,3.50,1.86,1.93,3.05,1.36
117,england,premier-league,2022-2023,14,29.10.2022,06:30,117 out of 171,Leicester,Manchester City,0,1,[],[],[],['49'],['De Bruyne K.'],['noName'],34%,66%,2,10,1,4,1,4,0,2,4,0,1,9,0,1,6,9,4,1,0,3,0,0,0,0,185,349,147,314,4,1,18,76,6,58,38%,62%,8,5,4,1,3,2,1,2,8,5,2,1,0,1,5,4,0,4,5,7,0,0,0,0,200,342,149,304,8,6,34,58,17,27,7.50,4.75,1.40,1.01,14.25,1.17,4.75,1.58,2.37,2.42,1.54
116,england,premier-league,2022-2023,13,24.10.2022,14:00,116 out of 171,West Ham,Bournemouth,2,0,"['45', '90+2']","['Zouma K.', 'Benrahma S.']","['Soucek T.', 'noName']",[],[],[],61%,39%,11,3,2,2,5,1,4,0,3,3,4,0,1,0,12,11,2,1,2,4,0,0,0,0,271,188,227,152,11,7,58,36,23,14,47%,53%,9,2,2,1,3,1,4,0,6,7,1,0,0,0,14,8,1,1,7,7,0,2,0,0,226,244,194,207,11,14,66,46,18,20,1.56,4.00,6.00,1.04,10.00,1.29,3.45,1.90,1.88,3.20,1.33
115,england,premier-league,2022-2023,13,23.10.2022,10:30,115 out of 171,Tottenham,Newcastle,1,2,['54'],['Kane H.'],['Lenglet C.'],"['31', '40']","['Wilson C.', 'Almiron M.']","['noName', 'Longstaff S.']",49%,51%,13,5,3,3,3,1,7,1,4,6,1,3,2,3,14,10,1,3,4,1,1,0,0,0,231,237,186,205,8,5,34,44,20,23,55%,45%,4,8,2,2,1,2,1,4,6,9,5,4,1,1,14,8,2,1,8,5,3,2,0,0,226,172,175,127,10,11,44,40,29,38,2.20,3.40,3.20,1.04,10.25,1.27,3.60,1.88,1.90,3.15,1.34
114,england,premier-league,2022-2023,13,23.10.2022,08:00,114 out of 171,Aston Villa,Brentford,4,0,"['2', '7', '14', '59']","['Bailey L.', 'Ings D.', 'Ings D.', 'Watkins O.']","['Douglas Luiz', 'Bailey L.', 'noName', 'noName']",[],[],[],50%,50%,15,6,8,1,3,2,4,3,5,3,5,3,0,1,11,15,1,5,4,5,1,0,0,0,171,166,134,116,7,7,54,40,19,17,40%,60%,4,6,3,2,0,3,1,1,7,10,2,3,0,0,8,17,2,2,10,6,0,0,0,0,158,231,111,185,13,13,47,65,11,22,2.05,3.40,3.60,1.04,9.90,1.29,3.45,1.92,1.87,3.20,1.33
113,england,premier-league,2022-2023,13,23.10.2022,08:00,113 out of 171,Leeds,Fulham,2,3,"['20', '90+1']","['Rodrigo', 'Summerville C.']","['noName', 'Gelhardt J.']","['26', '74', '84']","['Mitrovic A.', 'Reid B.', 'Willian']","['Pereira A.', 'Pereira A.', 'Reed H.']",56%,44%,5,4,1,3,1,0,3,1,5,10,1,3,2,2,15,6,2,0,8,4,1,0,0,0,234,172,178,123,7,5,57,43,28,16,58%,42%,9,7,4,2,3,3,2,2,6,5,2,3,2,2,11,17,0,3,4,4,0,1,0,0,254,183,197,121,15,11,57,50,18,18,2.05,3.60,3.35,1.01,13.75,1.17,4.75,1.58,2.38,2.38,1.55
112,england,premier-league,2022-2023,13,23.10.2022,08:00,112 out of 171,Southampton,Arsenal,1,1,['65'],['Armstrong S.'],['Elyounoussi M.'],['11'],['Xhaka G.'],['White B.'],39%,61%,5,8,1,3,0,2,4,3,8,4,6,2,1,3,9,9,2,1,3,5,0,1,0,0,186,297,144,260,12,12,33,81,11,22,41%,59%,5,4,2,0,3,2,0,2,3,12,3,2,3,0,8,12,0,1,8,3,2,0,0,0,172,244,141,210,9,4,29,52,26,17,6.50,5.00,1.45,1.01,13.25,1.19,4.30,1.65,2.23,2.59,1.47
111,england,premier-league,2022-2023,13,23.10.2022,08:00,111 out of 171,Wolves,Leicester,0,4,[],[],[],"['8', '19', '65', '79']","['Tielemans Y.', 'Barnes H.', 'Maddison J.', 'Vardy J.']","['noName', 'Dewsbury-Hall K.', 'Vardy J.', 'Castagne T.']",63%,37%,13,2,4,2,2,0,7,0,8,6,4,1,1,2,12,10,0,4,5,8,1,0,0,0,282,163,245,120,4,14,56,43,43,15,58%,42%,8,3,1,2,5,1,2,0,5,6,5,1,2,1,5,10,0,1,5,5,1,1,0,0,255,184,205,121,7,9,55,28,25,22,2.35,3.25,3.10,1.04,9.90,1.28,3.55,1.93,1.87,3.20,1.33
110,england,premier-league,2022-2023,13,22.10.2022,11:30,110 out of 171,Chelsea,Manchester Utd,1,1,['87'],['Jorginho'],['noName'],['90+4'],['Casemiro'],['Shaw L.'],47%,53%,3,8,1,4,2,3,0,1,7,3,1,3,1,2,13,11,4,1,3,5,0,1,0,0,210,245,169,199,5,5,46,57,20,20,49%,51%,3,5,1,2,1,3,1,0,5,6,5,1,1,1,7,14,1,0,5,5,1,3,0,0,204,219,143,159,6,13,61,56,35,24,2.15,3.40,3.25,1.03,10.50,1.26,3.65,1.84,1.95,3.00,1.36
109,england,premier-league,2022-2023,13,22.10.2022,09:00,109 out of 171,Everton,Crystal Palace,3,0,"['11', '63', '84']","['Calvert-Lewin D.', 'Gordon A.', 'McNeil D.']","['Iwobi A.', 'noName', 'Iwobi A.']",[],[],[],51%,49%,5,4,3,2,1,1,1,1,8,8,3,1,0,2,18,11,2,2,8,6,0,0,0,0,233,223,192,184,11,10,76,30,25,16,41%,59%,4,5,3,0,0,3,1,2,8,9,0,3,1,0,11,11,0,1,8,8,3,4,0,0,149,233,116,187,15,10,34,45,20,14,2.45,3.10,3.10,1.07,7.90,1.39,2.91,2.30,1.62,4.20,1.21
108,england,premier-league,2022-2023,13,22.10.2022,09:00,108 out of 171,Manchester City,Brighton,3,1,"['22', '43', '75']","['Haaland E.', 'Haaland E.', 'De Bruyne K.']","['Ederson', 'noName', 'Silva B.']",['53'],['Trossard L.'],['March S.'],55%,45%,4,3,2,0,1,2,1,1,7,3,3,1,0,2,6,10,0,0,3,7,0,1,0,0,236,198,201,157,6,11,55,31,22,13,41%,59%,6,5,2,2,2,1,2,2,7,7,3,2,0,2,3,10,1,1,8,5,1,2,0,0,210,273,151,237,8,5,37,54,14,36,1.25,6.00,11.00,0,0,1.13,5.40,1.50,2.58,2.26,1.63
107,england,premier-league,2022-2023,13,22.10.2022,06:30,107 out of 171,Nottingham,Liverpool,1,0,['55'],['Awoniyi T.'],['noName'],[],[],[],26%,74%,3,5,3,2,0,2,0,1,3,9,0,4,2,0,5,14,2,3,8,3,0,0,0,0,139,394,99,343,12,5,40,69,11,37,24%,76%,7,10,4,5,1,5,2,0,4,8,2,7,1,0,8,16,5,3,6,5,2,1,0,0,88,297,45,243,7,9,25,59,14,37,9.50,5.75,1.28,1.01,14.50,1.17,4.75,1.58,2.36,2.44,1.53
106,england,premier-league,2022-2023,12,20.10.2022,14:15,106 out of 171,Leicester,Leeds,2,0,"['16', '35']","['Koch R.', 'Barnes H.']","['noName', 'Dewsbury-Hall K.']",[],[],[],51%,49%,2,4,1,0,0,3,1,1,7,7,1,3,2,2,8,12,0,0,6,5,0,1,0,0,279,258,233,201,10,10,42,67,22,17,43%,57%,3,10,0,2,1,5,2,3,6,9,1,6,2,0,9,17,2,0,9,6,2,0,0,0,182,260,128,205,16,20,57,48,19,16,2.25,3.45,3.10,1.02,12.50,1.19,4.35,1.68,2.18,2.62,1.46
105,england,premier-league,2022-2023,12,20.10.2022,13:30,105 out of 171,Fulham,Aston Villa,3,0,"['36', '68', '84']","['Reed H.', 'Mitrovic A.', 'Mings T.']","['noName', 'noName', 'Kebano N.']",[],[],[],55%,45%,13,8,7,5,3,2,3,1,2,5,5,4,0,1,15,10,5,6,5,3,0,0,0,0,207,166,161,127,8,8,45,51,25,21,67%,33%,5,4,1,1,2,1,2,2,7,6,4,3,0,2,8,7,1,0,6,8,0,2,0,1,275,145,252,114,4,6,51,36,21,10,2.88,3.35,2.40,1.04,10.25,1.27,3.60,1.90,1.88,3.20,1.33
104,england,premier-league,2022-2023,12,19.10.2022,14:15,104 out of 171,Manchester Utd,Tottenham,2,0,"['47', '69']","['Fred', 'Fernandes B.']","['Sancho J.', 'noName']",[],[],[],52%,48%,19,5,5,1,7,3,7,1,0,3,6,0,1,0,6,8,1,5,2,2,0,0,0,0,292,270,254,232,6,5,72,49,34,17,52%,48%,9,4,5,1,2,2,2,1,5,9,2,3,3,0,11,7,1,3,5,5,1,0,0,0,291,258,244,213,11,7,62,46,26,18,2.30,3.45,3.00,1.03,11.25,1.24,3.90,1.78,2.00,2.90,1.39
103,england,premier-league,2022-2023,12,19.10.2022,13:30,103 out of 171,Bournemouth,Southampton,0,1,[],[],[],['9'],['Adams C.'],['Perraud R.'],47%,53%,6,3,1,2,3,0,2,1,8,5,2,0,2,0,13,13,1,1,3,10,1,2,0,0,228,262,187,225,4,14,63,61,21,19,59%,41%,9,6,2,1,5,2,2,3,3,5,5,3,0,0,11,6,1,2,5,3,0,1,0,0,301,202,246,151,9,9,75,40,48,24,2.65,3.20,2.70,1.06,8.60,1.35,3.10,2.16,1.68,3.90,1.24
102,england,premier-league,2022-2023,12,19.10.2022,13:30,102 out of 171,Brentford,Chelsea,0,0,[],[],[],[],[],[],36%,64%,2,3,2,1,0,2,0,0,4,4,3,0,1,0,13,10,1,2,3,4,0,0,0,0,170,321,118,262,4,11,53,56,33,33,32%,68%,6,11,3,4,2,1,1,6,2,5,3,2,1,0,6,13,4,3,4,3,0,0,0,0,147,335,102,297,15,6,35,74,20,48,4.33,3.75,1.76,1.04,10.00,1.29,3.45,1.88,1.90,3.10,1.34
101,england,premier-league,2022-2023,12,19.10.2022,13:30,101 out of 171,Liverpool,West Ham,1,0,['22'],['Nunez D.'],['Tsimikas K.'],[],[],[],61%,39%,11,3,4,1,5,1,2,1,5,4,2,1,0,0,9,9,1,3,6,5,0,0,0,0,338,210,297,161,3,7,69,47,20,16,47%,53%,11,5,3,2,3,3,5,0,3,4,6,2,1,0,12,13,2,3,3,3,0,0,0,0,262,300,214,251,10,8,55,48,22,23,1.40,5.00,7.00,1.01,15.00,1.16,4.90,1.55,2.44,2.35,1.56
100,england,premier-league,2022-2023,12,19.10.2022,13:30,100 out of 171,Newcastle,Everton,1,0,['31'],['Almiron M.'],['Guimaraes B.'],[],[],[],59%,41%,8,1,3,0,5,1,0,0,5,7,4,1,0,1,10,13,0,2,7,4,2,2,0,0,224,164,176,124,12,13,52,39,25,17,41%,59%,8,0,1,0,4,0,3,0,7,2,4,1,0,2,11,16,0,1,2,8,0,2,0,0,168,248,125,190,9,5,42,61,18,15,1.65,3.80,5.25,1.04,10.00,1.29,3.45,1.90,1.90,3.15,1.34
99,england,premier-league,2022-2023,12,18.10.2022,14:15,99 out of 171,Crystal Palace,Wolves,2,1,"['47', '70']","['Eze E.', 'Zaha W.']","['Olise M.', 'Edouard O.']",['31'],['Traore A.'],['Bueno H.'],56%,44%,6,4,1,2,4,2,1,0,10,6,3,1,0,2,11,6,1,1,7,12,2,1,0,0,236,189,199,149,10,11,55,38,23,11,46%,54%,8,6,3,2,1,3,4,1,8,8,1,1,0,2,12,10,2,1,7,6,1,0,0,0,213,239,171,191,13,18,52,54,31,28,2.05,3.20,3.85,1.07,7.90,1.40,2.87,2.26,1.63,4.10,1.22
98,england,premier-league,2022-2023,12,18.10.2022,13:30,98 out of 171,Brighton,Nottingham,0,0,[],[],[],[],[],[],68%,32%,12,0,4,0,5,0,3,0,4,2,6,0,0,0,14,12,0,4,2,5,0,0,0,0,310,146,271,105,8,5,67,20,31,12,72%,28%,7,3,3,0,2,3,2,0,7,9,3,1,1,0,15,8,0,3,8,9,3,1,0,0,313,114,270,71,3,8,58,31,33,14,1.38,5.00,7.50,1.02,12.50,1.22,4.05,1.72,2.10,2.79,1.42
97,england,premier-league,2022-2023,11,16.10.2022,10:30,97 out of 171,Liverpool,Manchester City,1,0,['76'],['Salah M.'],['Alisson'],[],[],[],45%,55%,3,8,1,3,1,2,1,3,3,2,4,1,1,0,8,7,3,1,1,3,0,0,0,0,285,347,235,303,10,14,43,65,25,27,29%,71%,10,8,1,3,7,2,2,3,3,11,1,5,2,0,6,12,3,0,9,4,3,1,0,0,122,355,78,313,13,6,24,72,10,46,3.50,3.90,1.92,0,0,1.12,5.70,1.44,2.78,2.06,1.76
96,england,premier-league,2022-2023,11,16.10.2022,08:00,96 out of 171,Aston Villa,Chelsea,0,2,[],[],[],"['6', '65']","['Mount M.', 'Mount M.']","['noName', 'noName']",42%,58%,11,4,6,2,3,2,2,0,6,8,1,0,1,0,13,13,1,6,7,6,0,1,0,0,177,265,147,218,13,8,59,59,26,36,40%,60%,7,4,1,2,4,1,2,1,6,8,6,1,2,1,12,8,1,1,5,5,0,2,0,0,176,283,127,242,11,1,36,53,19,10,3.90,3.40,1.95,1.05,9.00,1.33,3.20,2.04,1.77,3.50,1.28
95,england,premier-league,2022-2023,11,16.10.2022,08:00,95 out of 171,Leeds,Arsenal,0,1,[],[],[],['35'],['Saka B.'],['Odegaard M.'],35%,65%,8,7,1,4,2,1,5,2,4,6,2,1,3,0,7,11,3,1,4,4,0,0,0,0,174,340,124,302,17,5,39,73,15,17,59%,41%,8,2,3,0,3,1,2,1,4,4,4,2,1,0,14,9,0,3,6,7,0,2,0,0,254,160,204,113,8,12,52,33,40,14,5.50,3.90,1.61,1.01,13.50,1.18,4.60,1.58,2.35,2.38,1.55
94,england,premier-league,2022-2023,11,16.10.2022,08:00,94 out of 171,Manchester Utd,Newcastle,0,0,[],[],[],[],[],[],62%,38%,6,7,1,2,4,3,1,2,5,4,3,3,1,0,10,10,2,1,5,5,0,1,0,0,218,135,165,91,5,8,39,39,22,18,64%,36%,9,2,1,0,4,2,4,0,5,9,1,1,1,0,3,6,0,1,8,6,3,0,0,0,294,166,248,123,13,5,60,45,36,14,2.00,3.65,3.50,1.02,12.50,1.19,4.25,1.67,2.18,2.61,1.47
93,england,premier-league,2022-2023,11,16.10.2022,08:00,93 out of 171,Southampton,West Ham,1,1,['20'],['Perraud R.'],['noName'],['64'],['Rice D.'],['Benrahma S.'],43%,57%,8,10,7,0,0,7,1,3,2,4,3,4,0,0,13,7,0,6,4,2,1,0,0,0,180,241,135,192,8,11,57,51,22,28,35%,65%,2,15,1,4,1,2,0,9,1,2,1,10,1,0,6,13,3,1,3,1,0,1,0,0,143,247,99,199,5,10,46,51,13,46,2.88,3.30,2.45,1.04,10.00,1.28,3.55,1.93,1.86,3.25,1.32
92,england,premier-league,2022-2023,11,15.10.2022,11:30,92 out of 171,Tottenham,Everton,2,0,"['59', '86']","['Kane H.', 'Hojbjerg P.']","['noName', 'Bentancur R.']",[],[],[],60%,40%,10,4,1,0,5,3,4,1,3,9,4,1,0,0,11,3,0,1,9,5,1,2,0,0,277,192,238,157,5,8,70,33,37,5,64%,36%,11,0,6,0,1,0,4,0,9,3,3,0,0,0,10,6,0,4,3,8,0,2,0,0,306,175,276,143,3,7,59,36,26,12,1.51,4.33,6.00,1.02,12.50,1.21,4.20,1.68,2.18,2.64,1.46
91,england,premier-league,2022-2023,11,15.10.2022,09:00,91 out of 171,Fulham,Bournemouth,2,2,"['22', '52']","['Diop I.', 'Mitrovic A.']","['Pereira A.', 'noName']","['2', '29']","['Solanke D.', 'Lerma J.']","['Billing P.', 'Solanke D.']",65%,35%,12,5,2,4,5,1,5,0,5,4,4,2,0,0,9,13,2,1,4,5,1,0,0,0,270,152,227,111,8,10,63,41,26,14,73%,27%,7,5,2,2,3,3,2,0,4,5,1,4,1,0,13,2,2,1,5,6,1,0,0,0,315,116,267,71,4,4,60,34,55,10,1.95,3.55,3.75,1.04,10.00,1.28,3.50,1.88,1.90,3.10,1.34
90,england,premier-league,2022-2023,11,15.10.2022,09:00,90 out of 171,Wolves,Nottingham,1,0,['56'],['Neves R.'],['noName'],[],[],[],63%,37%,6,4,0,1,5,2,1,1,5,8,3,3,1,0,11,10,1,0,7,5,0,1,0,0,275,166,239,121,8,6,56,33,28,9,53%,47%,3,6,2,1,0,4,1,1,8,10,1,2,1,1,8,9,1,1,10,8,2,1,0,0,160,147,111,100,9,10,40,43,15,23,1.69,3.75,5.00,1.05,9.30,1.33,3.20,1.98,1.80,3.40,1.30
89,england,premier-league,2022-2023,11,15.10.2022,06:30,89 out of 171,Leicester,Crystal Palace,0,0,[],[],[],[],[],[],54%,46%,4,5,2,0,0,4,2,1,4,9,2,0,1,0,19,5,0,2,9,6,0,2,0,0,320,278,274,230,5,5,64,63,20,16,52%,48%,10,3,3,1,5,1,2,1,8,10,7,2,1,1,6,9,1,3,9,7,2,0,0,0,259,236,215,190,20,8,70,38,31,15,2.35,3.40,2.95,1.03,10.50,1.26,3.70,1.86,1.93,3.10,1.35
88,england,premier-league,2022-2023,11,14.10.2022,14:00,88 out of 171,Brentford,Brighton,2,0,"['27', '64']","['Toney I.', 'Toney I.']","['Onyeka F.', 'noName']",[],[],[],36%,64%,4,9,1,3,3,2,0,4,11,6,1,4,0,1,10,8,3,0,6,9,1,1,0,0,161,279,112,224,3,14,51,52,23,22,20%,80%,3,12,2,4,1,2,0,6,6,6,1,7,0,2,3,12,4,1,6,6,2,0,0,0,74,332,45,296,9,11,15,72,13,56,3.20,3.40,2.20,1.04,10.25,1.27,3.60,1.88,1.90,3.15,1.34
87,england,premier-league,2022-2023,10,10.10.2022,14:00,87 out of 171,Nottingham,Aston Villa,1,1,['15'],['Dennis E.'],['Gibbs-White M.'],['22'],['Young A.'],['noName'],43%,57%,3,6,2,1,0,0,1,5,10,6,1,2,0,2,17,14,0,1,7,9,2,1,0,0,187,244,141,205,5,11,57,57,19,26,37%,63%,3,6,1,1,1,2,1,3,11,4,0,2,0,1,6,8,1,1,6,10,1,2,0,0,146,262,105,231,9,10,34,51,23,35,3.65,3.55,1.95,1.04,10.00,1.28,3.50,1.88,1.90,3.15,1.34
86,england,premier-league,2022-2023,10,09.10.2022,13:00,86 out of 171,Everton,Manchester Utd,1,2,['5'],['Iwobi A.'],['noName'],"['15', '44']","['Antony', 'Ronaldo C.']","['Martial A.', 'Casemiro']",30%,70%,1,8,1,4,0,1,0,3,7,2,0,1,0,3,4,14,2,0,2,4,0,0,0,0,158,378,116,326,7,7,35,79,6,27,48%,52%,10,4,1,0,3,4,6,0,10,5,5,3,1,1,9,6,0,1,5,9,2,1,0,0,217,231,179,184,2,8,58,43,37,24,3.40,3.50,2.10,1.03,10.75,1.25,3.75,1.80,1.98,2.94,1.38
85,england,premier-league,2022-2023,10,09.10.2022,10:30,85 out of 171,Arsenal,Liverpool,3,2,"['1', '45+5', '76']","['Martinelli G.', 'Saka B.', 'Saka B.']","['Odegaard M.', 'Martinelli G.', 'noName']","['34', '53']","['Nunez D.', 'Firmino R.']","['Diaz L.', 'Diogo Jota']",38%,62%,3,5,3,2,0,2,0,1,10,6,1,2,1,5,5,14,1,1,5,5,1,1,0,0,168,270,129,226,6,6,37,44,14,17,50%,50%,8,3,4,1,1,0,3,2,4,9,3,1,2,1,9,15,0,3,6,6,0,1,0,0,218,218,173,169,10,9,41,42,36,21,2.55,3.60,2.55,1.01,15.00,1.13,5.40,1.51,2.54,2.26,1.63
84,england,premier-league,2022-2023,10,09.10.2022,08:00,84 out of 171,Crystal Palace,Leeds,2,1,"['24', '76']","['Edouard O.', 'Eze E.']","['Olise M.', 'Zaha W.']",['10'],['Struijk P.'],['noName'],58%,42%,1,7,1,3,0,2,0,2,10,7,1,1,2,2,10,19,2,0,8,9,2,0,0,0,232,160,176,93,7,14,49,63,17,30,51%,49%,12,3,4,1,5,0,3,2,12,4,4,2,0,0,19,13,1,3,5,14,1,3,0,0,186,185,145,129,11,15,36,61,24,24,2.05,3.50,3.50,1.04,10.25,1.28,3.55,1.87,1.92,3.10,1.35
83,england,premier-league,2022-2023,10,09.10.2022,08:00,83 out of 171,West Ham,Fulham,3,1,"['29', '62', '90+1']","['Bowen J.', 'Scamacca G.', 'Antonio M.']","['noName', 'Paqueta L.', 'noName']",['5'],['Pereira A.'],['Kebano N.'],52%,48%,9,4,4,2,3,2,2,0,5,5,3,1,0,2,9,9,1,3,6,4,0,1,0,0,228,222,187,176,4,6,36,44,21,18,48%,52%,8,4,4,0,1,2,3,2,3,4,1,1,1,0,7,9,0,2,3,3,1,2,0,0,257,264,213,224,8,8,52,62,18,22,1.75,3.85,4.33,1.04,10.50,1.27,3.55,1.84,1.95,3.00,1.36
82,england,premier-league,2022-2023,10,08.10.2022,11:30,82 out of 171,Brighton,Tottenham,0,1,[],[],[],['22'],['Kane H.'],['Son Heung-Min'],56%,44%,8,6,3,3,3,2,2,1,6,3,5,1,1,0,7,5,2,3,3,5,0,2,0,0,327,256,287,213,6,6,61,55,30,18,62%,38%,6,2,1,0,2,2,3,0,11,8,1,1,1,3,12,9,0,1,6,9,1,0,0,0,367,233,323,185,11,9,75,54,40,9,2.55,3.25,2.75,1.04,9.90,1.29,3.45,1.97,1.83,3.35,1.30
81,england,premier-league,2022-2023,10,08.10.2022,09:00,81 out of 171,Bournemouth,Leicester,2,1,"['67', '71']","['Billing P.', 'Christie R.']","['noName', 'Solanke D.']",['10'],['Daka P.'],['noName'],46%,54%,5,5,2,3,0,1,3,1,8,3,2,1,0,0,16,6,2,2,4,8,1,0,0,0,249,293,214,260,6,17,50,54,26,22,42%,58%,5,4,2,2,2,1,1,1,8,8,5,1,3,0,10,9,2,0,4,8,0,2,0,0,175,258,145,215,7,15,48,55,32,16,3.10,3.45,2.20,1.03,10.50,1.26,3.70,1.85,1.95,3.05,1.36
80,england,premier-league,2022-2023,10,08.10.2022,09:00,80 out of 171,Chelsea,Wolves,3,0,"['45+3', '54', '89']","['Havertz K.', 'Pulisic C.', 'Broja A.']","['Mount M.', 'Mount M.', 'Kovacic M.']",[],[],[],69%,31%,15,4,4,1,8,3,3,0,1,1,4,0,1,0,10,13,1,3,2,1,1,0,0,0,350,156,314,125,13,7,70,33,44,13,45%,55%,5,4,3,1,2,2,0,1,8,10,0,2,2,0,9,10,1,1,6,7,1,0,0,0,241,275,203,235,13,6,37,54,10,30,1.42,4.50,7.50,1.04,10.50,1.28,3.50,1.88,1.90,3.15,1.34
79,england,premier-league,2022-2023,10,08.10.2022,09:00,79 out of 171,Manchester City,Southampton,4,0,"['20', '32', '49', '65']","['Cancelo J.', 'Foden P.', 'Mahrez R.', 'Haaland E.']","['Foden P.', 'De Bruyne K.', 'Rodri', 'Cancelo J.']",[],[],[],64%,36%,12,1,5,0,5,1,2,0,4,3,4,0,0,1,7,6,0,3,3,3,0,1,0,0,332,189,292,149,7,11,62,49,32,17,68%,32%,9,4,3,0,4,2,2,2,5,2,5,1,1,0,5,4,0,1,1,5,0,0,0,0,412,204,373,168,8,8,59,36,34,17,1.13,8.00,19.00,0,0,1.05,8.80,1.26,3.80,1.67,2.18
78,england,premier-league,2022-2023,10,08.10.2022,09:00,78 out of 171,Newcastle,Brentford,5,1,"['21', '28', '56', '82', '90']","['Guimaraes B.', 'Murphy J.', 'Guimaraes B.', 'Almiron M.', 'Pinnock E.']","['Trippier K.', 'Wilson C.', 'noName', 'noName', 'Joelinton']",['54'],['Toney I.'],['noName'],61%,39%,7,1,4,1,0,0,3,0,7,7,6,0,1,2,11,5,1,2,5,6,0,1,0,0,240,149,194,108,6,5,46,52,27,13,47%,53%,9,5,2,2,4,1,3,2,5,8,3,5,0,1,8,9,1,0,9,3,0,0,0,0,149,171,115,131,10,6,37,36,20,34,1.69,3.70,5.00,1.03,11.00,1.25,3.80,1.77,2.04,2.82,1.41
77,england,premier-league,2022-2023,9,03.10.2022,14:00,77 out of 171,Leicester,Nottingham,4,0,"['25', '27', '35', '73']","['Maddison J.', 'Barnes H.', 'Maddison J.', 'Daka P.']","['noName', 'Vardy J.', 'noName', 'Maddison J.']",[],[],[],60%,40%,12,4,5,0,5,2,2,2,11,6,3,3,2,2,7,6,0,2,4,9,0,2,0,0,259,173,218,122,2,8,44,47,27,10,44%,56%,5,6,2,3,2,3,1,0,3,8,3,3,1,2,6,13,3,1,9,3,2,2,0,0,233,291,198,241,9,6,62,44,14,13,1.71,4.00,4.50,1.02,11.75,1.23,4.00,1.70,2.13,2.67,1.45
76,england,premier-league,2022-2023,9,02.10.2022,10:30,76 out of 171,Leeds,Aston Villa,0,0,[],[],[],[],[],[],63%,37%,4,7,0,5,2,0,2,2,7,11,1,5,0,1,16,5,5,0,11,7,3,1,0,0,234,136,176,72,7,8,47,57,20,20,24%,76%,2,12,1,2,0,8,1,2,7,12,1,4,0,1,4,10,2,1,12,5,2,1,1,0,141,343,94,298,5,8,32,81,5,33,2.40,3.35,2.90,1.04,10.50,1.26,3.70,1.87,1.92,3.10,1.35
75,england,premier-league,2022-2023,9,02.10.2022,08:00,75 out of 171,Manchester City,Manchester Utd,6,3,"['8', '34', '37', '44', '64', '73']","['Foden P.', 'Haaland E.', 'Haaland E.', 'Foden P.', 'Haaland E.', 'Foden P.']","['Silva B.', 'De Bruyne K.', 'De Bruyne K.', 'Haaland E.', 'Gomez S.', 'Haaland E.']","['56', '84', '90+1']","['Antony', 'Martial A.', 'Martial A.']","['Eriksen C.', 'noName', 'noName']",62%,38%,15,3,7,2,4,0,4,1,3,2,2,0,1,0,8,8,2,3,1,5,0,2,0,0,281,169,249,135,2,6,49,32,27,15,44%,56%,7,9,3,6,2,1,2,2,4,0,3,1,0,0,3,10,3,1,2,4,0,1,0,0,270,307,236,273,12,8,45,49,21,15,1.41,5.00,6.50,0,0,1.12,5.70,1.44,2.76,2.10,1.73
74,england,premier-league,2022-2023,9,01.10.2022,11:30,74 out of 171,West Ham,Wolves,2,0,"['29', '54']","['Scamacca G.', 'Bowen J.']","['noName', 'noName']",[],[],[],37%,63%,7,5,2,3,3,1,2,1,2,5,0,3,1,0,4,11,3,1,6,3,0,2,0,0,174,292,143,258,10,3,42,56,14,33,41%,59%,11,10,3,1,2,6,6,3,4,3,1,3,1,1,7,11,1,2,3,3,2,0,0,0,198,272,158,234,13,9,46,71,20,39,1.95,3.35,4.00,1.06,8.20,1.37,2.97,2.18,1.68,3.85,1.24
73,england,premier-league,2022-2023,9,01.10.2022,09:00,73 out of 171,Bournemouth,Brentford,0,0,[],[],[],[],[],[],43%,57%,2,8,0,4,1,4,1,0,5,2,2,6,0,1,3,12,4,0,2,5,0,1,0,0,205,275,165,233,8,7,37,66,16,28,41%,59%,5,5,1,0,3,1,1,4,6,10,5,2,1,1,6,8,0,1,9,5,1,1,0,0,170,255,132,207,6,13,40,59,12,13,3.10,3.40,2.25,1.04,10.25,1.27,3.55,1.90,1.90,3.15,1.33
72,england,premier-league,2022-2023,9,01.10.2022,09:00,72 out of 171,Crystal Palace,Chelsea,1,2,['7'],['Edouard O.'],['Ayew J.'],"['38', '90']","['Aubameyang P.', 'Gallagher C.']","['Silva T.', 'Pulisic C.']",27%,73%,5,8,2,1,3,5,0,2,5,7,3,1,1,0,8,13,0,1,6,6,1,1,0,0,125,339,90,303,8,6,30,70,10,26,45%,55%,2,5,1,2,1,2,0,1,6,5,2,1,0,0,7,14,1,1,5,7,0,2,0,0,223,296,181,256,10,10,43,53,27,26,4.00,3.50,1.91,1.05,9.50,1.31,3.30,1.95,1.85,3.25,1.32
71,england,premier-league,2022-2023,9,01.10.2022,09:00,71 out of 171,Fulham,Newcastle,1,4,['88'],['Reid B.'],['Kebano N.'],"['11', '33', '43', '57']","['Wilson C.', 'Almiron M.', 'Longstaff S.', 'Almiron M.']","['Willock J.', 'Guimaraes B.', 'noName', 'Willock J.']",24%,76%,0,13,0,7,0,3,0,3,6,6,0,4,2,4,10,9,4,0,4,2,1,0,1,0,84,262,49,234,6,6,21,60,7,38,39%,61%,4,6,1,3,2,1,1,2,11,6,1,4,2,4,7,4,2,0,4,7,1,0,0,0,197,343,141,296,7,9,47,58,15,24,2.88,3.35,2.40,1.03,10.50,1.26,3.70,1.87,1.92,3.10,1.34
70,england,premier-league,2022-2023,9,01.10.2022,09:00,70 out of 171,Liverpool,Brighton,3,3,"['33', '54', '63']","['Firmino R.', 'Firmino R.', 'Webster A.']","['Salah M.', 'Diaz L.', 'noName']","['4', '17', '83']","['Trossard L.', 'Trossard L.', 'Trossard L.']","['Welbeck D.', 'March S.', 'noName']",54%,46%,9,4,3,4,4,0,2,0,5,5,4,1,1,0,10,8,2,2,4,5,0,1,0,0,257,220,210,167,6,9,70,29,32,19,54%,46%,6,2,4,2,2,0,0,0,8,5,5,1,0,0,16,8,1,2,5,8,1,0,0,0,273,240,222,191,9,14,73,43,33,24,1.47,4.50,6.50,1.01,14.50,1.17,4.80,1.56,2.40,2.36,1.56
69,england,premier-league,2022-2023,9,01.10.2022,09:00,69 out of 171,Southampton,Everton,1,2,['49'],['Aribo J.'],['Adams C.'],"['52', '54']","['Coady C.', 'McNeil D.']","['Onana A.', 'Iwobi A.']",46%,54%,5,5,1,2,3,1,1,2,2,6,0,6,0,1,16,12,2,1,6,1,1,0,0,0,197,227,158,186,12,11,36,70,21,36,62%,38%,17,7,5,3,6,3,6,1,9,5,7,0,0,0,16,3,1,4,5,9,1,2,0,0,248,153,204,109,10,12,64,32,39,4,2.25,3.25,3.20,1.05,9.10,1.33,3.20,2.07,1.75,3.60,1.27
68,england,premier-league,2022-2023,9,01.10.2022,06:30,68 out of 171,Arsenal,Tottenham,3,1,"['20', '49', '67']","['Partey T.', 'Jesus G.', 'Xhaka G.']","['White B.', 'noName', 'Martinelli G.']",['31'],['Kane H.'],['noName'],59%,41%,9,4,4,3,4,1,1,0,8,8,4,1,1,2,7,6,2,3,8,5,0,0,0,0,260,179,229,142,7,8,64,35,46,13,71%,29%,13,3,5,0,5,1,3,2,6,2,1,1,0,1,11,11,0,3,2,5,2,1,0,1,305,128,282,98,7,8,70,16,53,16,1.91,3.60,3.85,1.03,11.50,1.23,4.00,1.73,2.10,2.73,1.43
67,england,premier-league,2022-2023,8,18.09.2022,08:15,67 out of 171,Everton,West Ham,1,0,['53'],['Maupay N.'],['Iwobi A.'],[],[],[],55%,45%,2,4,0,2,2,0,0,2,6,3,2,8,0,1,14,13,2,0,3,7,1,0,0,0,221,179,182,141,13,10,55,38,42,45,51%,49%,5,10,2,2,2,3,1,5,4,6,3,6,1,0,6,11,2,1,5,4,2,1,0,0,243,209,197,165,5,8,51,54,23,16,2.90,3.20,2.50,1.05,9.50,1.30,3.40,2.00,1.80,3.40,1.29
66,england,premier-league,2022-2023,8,18.09.2022,06:00,66 out of 171,Brentford,Arsenal,0,3,[],[],[],"['17', '28', '49']","['Saliba W.', 'Jesus G.', 'Vieira F.']","['Saka B.', 'Xhaka G.', 'Saka B.']",36%,64%,2,7,1,3,1,3,0,1,3,3,2,1,1,1,14,9,1,1,3,2,0,0,0,0,168,305,115,257,6,3,42,82,21,29,36%,64%,3,6,1,4,2,1,0,1,7,9,1,2,2,0,5,9,3,1,7,8,0,2,0,0,153,287,117,247,15,9,37,70,13,20,4.33,4.00,1.73,1.02,11.75,1.23,4.00,1.70,2.12,2.68,1.45
65,england,premier-league,2022-2023,8,17.09.2022,11:30,65 out of 171,Tottenham,Leicester,6,2,"['8', '21', '47', '73', '84', '86']","['Kane H.', 'Dier E.', 'Bentancur R.', 'Son Heung-Min', 'Son Heung-Min', 'Son Heung-Min']","['Kulusevski D.', 'Perisic I.', 'noName', 'Bentancur R.', 'Kane H.', 'Hojbjerg P.']","['6', '41']","['Tielemans Y.', 'Maddison J.']","['noName', 'Castagne T.']",40%,60%,6,13,3,4,1,5,2,4,5,3,4,0,0,0,10,3,2,1,4,4,0,0,0,0,215,327,179,283,3,10,28,78,22,24,48%,52%,10,6,8,3,1,2,1,1,6,6,2,1,1,0,8,7,3,4,5,5,0,2,0,0,267,305,224,269,11,6,40,68,21,25,1.55,4.33,5.50,1.01,14.00,1.18,4.65,1.58,2.36,2.40,1.54
64,england,premier-league,2022-2023,8,17.09.2022,09:00,64 out of 171,Newcastle,Bournemouth,1,1,['67'],['Isak A.'],['noName'],['62'],['Billing P.'],['Zemura J.'],68%,32%,6,3,4,1,2,2,0,0,3,7,4,0,1,0,11,11,1,4,7,8,0,2,0,0,281,131,234,92,13,12,69,32,43,9,76%,24%,14,7,3,2,6,3,5,2,2,4,4,1,2,1,15,4,1,2,3,3,2,0,0,0,362,114,322,73,3,6,86,31,56,13,1.42,4.75,7.50,1.02,12.25,1.22,4.10,1.72,2.12,2.75,1.43
63,england,premier-league,2022-2023,8,17.09.2022,06:30,63 out of 171,Wolves,Manchester City,0,3,[],[],[],"['1', '16', '69']","['Grealish J.', 'Haaland E.', 'Foden P.']","['De Bruyne K.', 'Silva B.', 'De Bruyne K.']",39%,61%,5,9,1,4,3,2,1,3,6,4,2,2,0,0,8,8,2,1,4,6,0,1,1,0,195,307,167,272,5,8,42,59,13,24,43%,57%,1,7,0,3,1,3,0,1,4,4,3,5,0,1,9,8,2,0,3,3,2,0,0,0,227,315,186,291,14,11,49,66,20,28,8.00,5.00,1.35,1.01,15.00,1.17,4.85,1.57,2.40,2.41,1.54
62,england,premier-league,2022-2023,8,16.09.2022,14:00,62 out of 171,Aston Villa,Southampton,1,0,['41'],['Ramsey J.'],['noName'],[],[],[],56%,44%,8,2,3,0,1,1,4,1,4,6,5,2,1,0,15,10,0,2,5,5,1,0,0,0,197,158,144,111,16,8,76,41,24,18,50%,50%,3,5,0,1,2,2,1,2,9,9,1,1,0,0,13,15,1,0,8,8,2,1,0,0,223,218,168,166,19,20,70,65,18,14,2.05,3.45,3.50,1.04,10.25,1.27,3.55,1.87,1.92,3.10,1.35
61,england,premier-league,2022-2023,8,16.09.2022,14:00,61 out of 171,Nottingham,Fulham,2,3,"['11', '77']","['Awoniyi T.', ""O'Brien L.""]","['Yates R.', 'noName']","['54', '57', '60']","['Adarabioyo T.', 'Palhinha J.', 'Reed H.']","['Willian', 'Tete K.', 'Reid B.']",30%,70%,6,6,1,2,2,1,3,3,5,5,1,5,1,2,6,8,2,0,6,4,2,1,0,0,144,349,111,311,4,10,23,79,7,31,52%,48%,5,9,2,5,3,2,0,2,6,7,1,5,1,0,13,6,2,1,5,6,0,3,0,0,231,206,168,149,6,2,60,53,15,22,2.63,3.30,2.63,1.03,10.75,1.25,3.75,1.86,1.93,3.10,1.35
60,england,premier-league,2022-2023,6,04.09.2022,10:30,60 out of 171,Manchester Utd,Arsenal,3,1,"['35', '66', '75']","['Antony', 'Rashford M.', 'Rashford M.']","['Rashford M.', 'Fernandes B.', 'Eriksen C.']",['60'],['Saka B.'],['noName'],46%,54%,5,8,3,1,2,3,0,4,5,4,0,3,0,0,10,7,1,2,5,6,0,1,0,0,181,203,148,166,8,10,49,46,24,35,32%,68%,5,8,3,2,1,5,1,1,3,10,2,2,4,0,8,11,1,1,8,3,3,2,0,0,129,262,92,220,9,4,19,73,8,43,2.60,3.45,2.60,1.02,12.00,1.21,4.20,1.73,2.10,2.75,1.42
59,england,premier-league,2022-2023,6,04.09.2022,08:00,59 out of 171,Brighton,Leicester,5,2,"['10', '15', '64', '71', '90+7']","['Thomas L.', 'Caicedo M.', 'Trossard L.', 'Mac Allister A.', 'Mac Allister A.']","['noName', 'Mwepu E.', 'Gross P.', 'noName', 'noName']","['1', '33']","['Iheanacho K.', 'Daka P.']","['Daka P.', 'Tielemans Y.']",52%,48%,11,4,2,3,5,0,4,1,3,3,3,1,1,1,9,10,1,0,2,4,1,1,0,0,230,222,198,183,9,7,56,30,26,12,56%,44%,12,2,9,1,0,1,3,0,3,5,7,0,1,2,6,9,1,6,4,4,0,0,0,0,263,214,218,162,8,6,62,40,25,11,1.88,3.45,4.20,1.05,9.40,1.31,3.30,1.96,1.84,3.30,1.32
58,england,premier-league,2022-2023,6,03.09.2022,11:30,58 out of 171,Aston Villa,Manchester City,1,1,['74'],['Bailey L.'],['Ramsey J.'],['50'],['Haaland E.'],['De Bruyne K.'],27%,73%,1,4,0,0,0,2,1,2,9,12,1,4,5,3,18,19,0,0,7,6,1,0,0,0,153,378,108,333,8,5,31,89,13,24,29%,71%,2,9,1,4,1,3,0,2,6,8,0,0,0,0,7,7,3,0,0,0,1,0,0,0,134,385,86,333,7,8,28,67,11,34,8.00,5.25,1.34,0,0,1.13,5.60,1.46,2.72,2.14,1.67
57,england,premier-league,2022-2023,6,03.09.2022,09:00,57 out of 171,Brentford,Leeds,5,2,"['30', '43', '58', '80', '90+1']","['Toney I.', 'Toney I.', 'Toney I.', 'Mbeumo B.', 'Wissa Y.']","['noName', 'noName', 'noName', 'noName', 'noName']","['45+1', '79']","['Sinisterra L.', 'Roca M.']","['noName', 'Ayling L.']",33%,67%,6,6,3,2,2,2,1,2,2,4,1,3,1,0,10,17,1,1,3,6,0,1,0,0,119,243,84,203,12,13,32,75,15,33,29%,71%,8,11,5,4,3,5,0,2,3,3,1,3,0,1,10,8,3,2,5,3,2,1,0,0,99,245,53,182,12,11,37,54,8,24,2.05,3.50,3.50,1.03,11.50,1.23,4.00,1.75,2.06,2.79,1.41
56,england,premier-league,2022-2023,6,03.09.2022,09:00,56 out of 171,Chelsea,West Ham,2,1,"['76', '88']","['Chilwell B.', 'Havertz K.']","['Silva T.', 'Chilwell B.']",['62'],['Antonio M.'],['noName'],70%,30%,4,1,0,0,1,1,3,0,5,3,8,0,1,0,8,12,0,0,3,5,2,0,0,0,347,148,312,120,8,7,68,32,37,6,68%,32%,4,5,3,3,1,1,0,1,7,3,2,3,0,1,9,9,2,1,3,6,2,2,0,0,314,160,257,98,8,7,67,24,41,13,1.64,4.00,5.00,1.03,11.25,1.26,3.70,1.80,2.00,2.94,1.38
55,england,premier-league,2022-2023,6,03.09.2022,09:00,55 out of 171,Newcastle,Crystal Palace,0,0,[],[],[],[],[],[],50%,50%,14,7,5,4,3,1,6,2,2,6,6,1,2,0,3,10,4,5,6,6,1,0,0,0,170,190,131,143,11,11,50,47,34,17,54%,46%,9,12,1,5,4,3,4,4,4,11,7,4,0,1,14,8,5,1,13,6,1,1,0,0,189,172,149,135,7,12,49,34,37,18,2.05,3.30,3.70,1.06,8.70,1.34,3.15,2.08,1.73,3.60,1.27
54,england,premier-league,2022-2023,6,03.09.2022,09:00,54 out of 171,Nottingham,Bournemouth,2,3,"['33', '45+2']","['Kouyate C.', 'Johnson B.']","['Gibbs-White M.', 'noName']","['51', '63', '87']","['Billing P.', 'Solanke D.', 'Anthony J.']","['Cook L.', 'Kelly L.', 'Solanke D.']",51%,49%,7,1,2,0,1,0,4,1,6,8,3,2,1,0,13,14,0,0,7,7,1,1,0,0,211,202,175,163,4,4,48,41,23,18,53%,47%,4,7,1,3,2,2,1,2,4,5,1,4,0,1,7,15,0,1,6,3,1,0,0,0,275,240,213,189,9,8,61,46,30,20,2.05,3.25,3.75,1.06,8.80,1.34,3.15,2.10,1.73,3.70,1.26
53,england,premier-league,2022-2023,6,03.09.2022,09:00,53 out of 171,Tottenham,Fulham,2,1,"['40', '75']","['Hojbjerg P.', 'Kane H.']","['Richarlison', 'noName']",['83'],['Mitrovic A.'],['Tete K.'],57%,43%,10,3,3,0,4,3,3,0,0,8,6,1,2,0,8,10,0,2,7,1,1,1,0,0,293,221,264,185,8,11,41,60,45,17,47%,53%,13,6,7,3,3,2,3,1,5,2,4,2,1,0,13,14,2,6,2,5,2,3,0,0,182,212,147,183,11,7,36,63,12,31,1.51,4.33,6.00,1.01,14.00,1.19,4.65,1.58,2.35,2.41,1.54
52,england,premier-league,2022-2023,6,03.09.2022,09:00,52 out of 171,Wolves,Southampton,1,0,['45+1'],['Podence D.'],['Matheus Nunes'],[],[],[],56%,44%,4,6,2,0,2,4,0,2,8,4,3,4,0,0,8,7,0,1,5,8,1,1,0,0,232,174,189,127,10,10,44,58,31,25,46%,54%,3,6,0,1,2,3,1,2,6,5,2,2,1,0,8,9,1,0,5,6,3,1,0,0,200,232,157,188,4,10,46,62,26,36,2.20,3.35,3.25,1.04,9.80,1.30,3.40,1.95,1.85,3.30,1.31
51,england,premier-league,2022-2023,6,03.09.2022,06:30,51 out of 171,Everton,Liverpool,0,0,[],[],[],[],[],[],35%,65%,6,6,1,1,3,3,2,2,6,7,1,2,0,1,12,18,1,1,7,5,1,0,0,0,147,265,112,221,7,6,21,61,19,25,43%,57%,8,17,2,7,3,6,3,4,7,3,6,7,3,1,11,16,7,2,0,6,1,2,0,0,155,204,103,151,12,9,41,57,19,39,7.00,4.75,1.41,1.01,14.25,1.15,5.20,1.52,2.53,2.28,1.62
50,england,premier-league,2022-2023,5,01.09.2022,14:00,50 out of 171,Leicester,Manchester Utd,0,1,[],[],[],['23'],['Sancho J.'],['Rashford M.'],48%,52%,2,6,1,2,1,2,0,2,7,5,0,2,0,2,9,12,1,1,5,6,0,2,0,0,282,303,223,245,11,8,62,56,12,20,60%,40%,8,3,1,0,4,3,3,0,10,2,1,1,0,0,9,12,0,1,2,9,1,1,0,0,313,210,260,156,10,7,53,53,28,30,3.40,3.65,2.05,1.02,13.00,1.19,4.45,1.64,2.25,2.53,1.49
49,england,premier-league,2022-2023,5,31.08.2022,14:00,49 out of 171,Liverpool,Newcastle,2,1,"['61', '90+8']","['Firmino R.', 'Carvalho F.']","['Salah M.', 'Salah M.']",['38'],['Isak A.'],['Longstaff S.'],72%,28%,5,4,0,2,2,2,3,0,2,5,8,0,1,0,12,6,1,0,5,2,0,0,0,0,327,127,282,87,1,11,59,41,45,12,72%,28%,18,1,6,0,6,1,6,0,10,6,5,0,1,2,12,5,0,4,4,8,0,2,0,0,298,129,240,75,6,12,64,43,55,8,1.29,5.50,10.00,1.01,15.00,1.09,6.60,1.39,2.98,1.97,1.83
48,england,premier-league,2022-2023,5,31.08.2022,13:45,48 out of 171,West Ham,Tottenham,1,1,['55'],['Soucek T.'],['Antonio M.'],['34'],['Kehrer T.'],['noName'],40%,60%,7,6,3,3,3,0,1,3,5,4,3,0,1,0,10,9,2,3,3,4,0,2,0,0,206,333,185,306,3,4,50,39,29,19,36%,64%,7,6,1,0,5,2,1,4,5,7,0,4,0,0,6,10,0,0,7,6,2,3,0,0,163,288,120,247,10,3,44,54,23,19,3.50,3.50,2.05,1.03,10.75,1.25,3.75,1.82,1.98,2.97,1.37
47,england,premier-league,2022-2023,5,31.08.2022,13:30,47 out of 171,Arsenal,Aston Villa,2,1,"['30', '77']","['Jesus G.', 'Martinelli G.']","['noName', 'Saka B.']",['74'],['Douglas Luiz'],['noName'],67%,33%,15,2,7,1,3,1,5,0,7,3,7,0,1,0,12,6,1,6,2,7,1,1,0,0,304,157,269,120,6,12,72,40,40,15,51%,49%,7,2,2,2,3,0,2,0,8,8,3,3,0,1,3,7,1,1,8,7,1,2,0,0,200,195,161,143,4,4,43,46,26,16,1.56,4.20,5.50,1.02,12.75,1.21,4.20,1.67,2.18,2.63,1.46
46,england,premier-league,2022-2023,5,31.08.2022,13:30,46 out of 171,Bournemouth,Wolves,0,0,[],[],[],[],[],[],39%,61%,1,6,0,2,1,3,0,1,9,5,0,2,0,2,11,9,2,0,7,7,0,0,0,0,194,292,145,253,11,12,35,73,13,30,29%,71%,4,11,2,2,1,6,1,3,6,7,2,3,0,1,10,8,2,2,5,5,2,1,0,0,126,311,88,276,13,14,40,66,15,44,3.35,3.20,2.25,1.06,8.20,1.37,2.97,2.22,1.65,4.00,1.23
45,england,premier-league,2022-2023,5,31.08.2022,13:30,45 out of 171,Manchester City,Nottingham,6,0,"['12', '23', '38', '50', '65', '87']","['Haaland E.', 'Haaland E.', 'Haaland E.', 'Cancelo J.', 'Alvarez J.', 'Alvarez J.']","['noName', 'noName', 'Stones J.', 'Silva B.', 'noName', 'noName']",[],[],[],77%,23%,9,1,4,0,4,1,1,0,4,6,5,0,2,1,10,6,0,1,4,4,0,0,0,0,399,114,362,80,3,8,84,17,39,5,73%,27%,8,7,5,1,2,3,1,3,5,5,5,1,0,1,6,6,1,2,5,3,0,1,0,0,386,147,351,105,10,6,73,22,28,10,1.08,11.00,23.00,0,0,1.04,9.30,1.24,4.00,1.62,2.28
44,england,premier-league,2022-2023,5,30.08.2022,14:00,44 out of 171,Leeds,Everton,1,1,['55'],['Sinisterra L.'],['Aaronson B.'],['17'],['Gordon A.'],['Iwobi A.'],70%,30%,2,4,0,1,2,1,0,2,7,7,3,0,1,1,19,13,0,0,6,5,1,1,0,0,342,150,288,102,5,13,80,47,41,5,68%,32%,12,3,5,1,6,1,1,1,6,5,7,2,1,1,19,9,1,4,4,4,2,2,0,0,302,142,247,101,20,15,87,45,45,6,2.05,3.55,3.40,1.03,11.00,1.25,3.75,1.80,1.98,2.94,1.38
43,england,premier-league,2022-2023,5,30.08.2022,13:45,43 out of 171,Southampton,Chelsea,2,1,"['28', '45+1']","['Lavia R.', 'Armstrong A.']","['noName', 'Perraud R.']",['23'],['Sterling R.'],['noName'],35%,65%,6,4,4,3,0,1,2,0,3,8,3,1,0,2,14,16,2,2,8,1,0,0,0,0,144,268,89,217,11,7,56,59,17,23,29%,71%,3,6,3,1,0,1,0,4,10,6,2,2,0,1,14,15,1,3,7,9,2,1,0,0,115,293,69,243,8,19,46,74,27,34,4.75,4.33,1.62,1.03,11.50,1.25,3.80,1.76,2.06,2.82,1.41
42,england,premier-league,2022-2023,5,30.08.2022,13:30,42 out of 171,Crystal Palace,Brentford,1,1,['59'],['Zaha W.'],['Doucoure C.'],['88'],['Wissa Y.'],['Janelt V.'],53%,47%,7,2,2,0,2,1,3,1,3,5,1,4,1,0,10,10,0,2,5,3,0,0,0,0,255,219,217,178,14,9,58,42,20,31,45%,55%,6,7,2,3,4,4,0,0,5,5,3,2,0,0,8,9,2,1,6,5,1,2,0,0,217,263,167,208,7,5,50,59,20,22,2.20,3.30,3.25,1.04,9.70,1.30,3.40,1.94,1.85,3.25,1.32
41,england,premier-league,2022-2023,5,30.08.2022,13:30,41 out of 171,Fulham,Brighton,2,1,"['48', '55']","['Mitrovic A.', 'Dunk L.']","['Kebano N.', 'noName']",['60'],['Mac Allister A.'],['noName'],45%,55%,3,2,2,1,1,1,0,0,3,5,1,0,0,1,10,13,1,2,5,4,0,0,0,0,220,268,171,222,10,11,32,69,18,18,33%,67%,7,5,1,3,6,2,0,0,7,2,2,3,0,1,13,15,2,0,4,7,2,1,0,0,124,265,86,224,16,12,41,59,29,37,3.30,3.25,2.20,1.06,8.60,1.35,3.10,2.13,1.70,3.75,1.25
40,england,premier-league,2022-2023,4,28.08.2022,10:30,40 out of 171,Nottingham,Tottenham,0,2,[],[],[],"['5', '81']","['Kane H.', 'Kane H.']","['Kulusevski D.', 'Richarlison']",59%,41%,9,5,1,1,4,3,4,1,3,3,2,0,1,1,12,7,0,1,2,4,0,0,0,0,329,232,276,184,10,6,84,37,47,12,51%,49%,8,13,0,6,5,4,3,3,10,7,4,1,0,2,5,12,5,0,9,9,6,1,0,0,239,230,195,180,11,7,60,43,30,17,6.00,4.60,1.49,1.01,13.75,1.19,4.45,1.62,2.28,2.52,1.50
39,england,premier-league,2022-2023,4,28.08.2022,08:00,39 out of 171,Aston Villa,West Ham,0,1,[],[],[],['74'],['Fornals P.'],['Rice D.'],60%,40%,5,1,2,0,2,1,1,0,6,6,2,1,1,0,15,13,0,2,4,8,0,0,0,0,314,209,272,168,8,7,62,42,20,13,56%,44%,4,6,1,2,2,2,1,2,4,7,1,1,1,1,10,10,1,1,6,2,2,0,0,0,268,210,215,156,9,6,69,55,33,32,2.05,3.30,3.65,1.04,9.70,1.29,3.40,1.94,1.86,3.25,1.32
38,england,premier-league,2022-2023,4,28.08.2022,08:00,38 out of 171,Wolves,Newcastle,1,1,['38'],['Neves R.'],['Guedes G.'],['90'],['Saint-Maximin A.'],['noName'],35%,65%,5,9,2,3,2,1,1,5,7,5,1,5,2,1,5,8,3,1,3,6,1,0,0,0,124,228,93,193,7,10,29,43,18,41,37%,63%,5,12,2,3,0,3,3,6,5,7,3,8,1,0,10,4,2,2,7,5,1,1,0,0,141,230,91,178,15,5,35,50,22,47,2.40,3.20,3.00,1.05,9.30,1.31,3.30,2.05,1.76,3.55,1.27
37,england,premier-league,2022-2023,4,27.08.2022,11:30,37 out of 171,Arsenal,Fulham,2,1,"['64', '86']","['Odegaard M.', 'Gabriel']","['Saka B.', 'Saliba W.']",['56'],['Mitrovic A.'],['noName'],74%,26%,8,4,1,0,3,3,4,1,4,5,4,1,1,0,8,10,0,1,4,5,2,1,0,0,332,116,290,67,7,16,74,28,36,6,70%,30%,14,7,7,3,1,3,6,1,6,2,5,1,0,0,9,8,2,5,2,7,0,2,0,0,263,107,214,68,8,8,61,33,43,15,1.42,4.50,7.50,1.01,15.00,1.16,5.00,1.55,2.44,2.35,1.58
36,england,premier-league,2022-2023,4,27.08.2022,09:00,36 out of 171,Brentford,Everton,1,1,['84'],['Janelt V.'],['Lewis-Potter K.'],['24'],['Gordon A.'],['Coady C.'],49%,51%,9,9,2,5,4,0,3,4,3,3,3,3,0,1,13,9,4,2,3,2,0,0,0,0,229,242,184,204,11,11,44,68,23,27,67%,33%,11,5,3,2,5,2,3,1,7,5,5,2,0,1,12,3,2,2,5,6,2,2,0,0,285,143,240,92,3,11,55,28,50,10,1.91,3.40,4.20,1.03,9.10,1.29,3.30,1.95,1.78,3.30,1.29
35,england,premier-league,2022-2023,4,27.08.2022,09:00,35 out of 171,Brighton,Leeds,1,0,['66'],['Gross P.'],['Trossard L.'],[],[],[],47%,53%,7,2,2,0,4,0,1,2,11,5,3,1,1,1,15,9,0,2,5,11,0,3,0,0,176,203,124,150,6,15,59,45,22,10,38%,62%,6,8,2,2,4,3,0,3,3,4,2,2,1,0,12,12,2,1,5,3,2,0,0,0,177,272,122,199,8,7,34,57,17,18,1.80,3.75,4.20,1.04,10.25,1.28,3.55,1.84,1.95,3.00,1.37
34,england,premier-league,2022-2023,4,27.08.2022,09:00,34 out of 171,Chelsea,Leicester,2,1,"['47', '63']","['Sterling R.', 'Sterling R.']","['Cucurella M.', 'James R.']",['66'],['Barnes H.'],['Vardy J.'],64%,36%,3,3,1,1,1,1,1,1,4,8,3,4,2,0,13,4,1,1,5,5,2,2,1,0,326,185,286,149,15,10,82,34,28,14,26%,74%,4,14,2,4,1,6,1,4,3,3,0,7,1,1,5,13,3,0,5,2,1,0,0,0,120,339,86,292,3,7,29,75,9,60,1.44,5.00,6.00,1.01,14.00,1.19,4.50,1.62,2.30,2.52,1.50
33,england,premier-league,2022-2023,4,27.08.2022,09:00,33 out of 171,Liverpool,Bournemouth,9,0,"['3', '6', '28', '31', '45', '46', '62', '80', '85']","['Diaz L.', 'Elliott H.', 'Alexander-Arnold T.', 'Firmino R.', 'van Dijk V.', 'Mepham C.', 'Firmino R.', 'Carvalho F.', 'Diaz L.']","['Firmino R.', 'Firmino R.', 'Firmino R.', 'noName', 'Robertson A.', 'noName', 'noName', 'Tsimikas K.', 'Tsimikas K.']",[],[],[],70%,30%,10,3,7,2,3,1,0,0,4,5,3,0,3,0,10,7,2,2,2,3,0,1,0,0,389,164,334,117,5,11,89,34,35,6,68%,32%,9,2,5,0,3,1,1,1,2,4,5,1,0,0,9,13,0,1,4,2,0,0,0,0,292,139,251,78,7,9,65,35,36,8,1.14,8.00,17.00,0,0,1.07,7.00,1.34,3.10,1.86,1.88
32,england,premier-league,2022-2023,4,27.08.2022,09:00,32 out of 171,Manchester City,Crystal Palace,4,2,"['53', '62', '70', '81']","['Silva B.', 'Haaland E.', 'Haaland E.', 'Haaland E.']","['Rodri', 'Foden P.', 'Stones J.', 'Gundogan I.']","['4', '21']","['Stones J.', 'Andersen J.']","['noName', 'Eze E.']",75%,25%,7,2,0,2,5,0,2,0,4,8,3,1,1,0,9,5,0,0,8,4,0,0,0,0,374,121,330,78,9,5,83,24,46,9,75%,25%,11,0,5,0,4,0,2,0,5,6,3,0,1,1,9,6,0,1,6,4,1,2,0,0,396,144,367,109,3,4,68,22,44,6,1.19,7.00,13.00,0,0,1.11,5.60,1.45,2.63,2.14,1.66
31,england,premier-league,2022-2023,4,27.08.2022,06:30,31 out of 171,Southampton,Manchester Utd,0,1,[],[],[],['55'],['Fernandes B.'],['Dalot D.'],40%,60%,7,8,3,4,3,1,1,3,4,3,1,2,0,0,14,12,4,3,4,4,0,0,0,0,159,249,113,198,6,4,63,50,34,29,56%,44%,10,3,2,2,7,1,1,0,9,1,4,1,1,1,15,8,1,2,0,10,0,3,0,0,206,155,152,97,11,10,53,42,52,10,3.75,3.75,1.90,1.01,13.75,1.18,4.65,1.58,2.35,2.39,1.55
30,england,premier-league,2022-2023,3,22.08.2022,14:00,30 out of 171,Manchester Utd,Liverpool,2,1,"['16', '53']","['Sancho J.', 'Rashford M.']","['Elanga A.', 'Martial A.']",['81'],['Salah M.'],['noName'],30%,70%,6,6,2,0,1,4,3,2,2,4,3,3,0,0,8,14,0,1,4,4,2,1,0,0,147,340,103,285,9,6,38,55,17,33,30%,70%,7,11,3,5,3,3,1,3,4,8,3,5,2,2,7,14,4,2,7,3,1,0,0,0,126,305,77,255,15,7,37,62,19,51,4.75,4.00,1.66,1.01,15.00,1.15,5.10,1.50,2.57,2.20,1.66
29,england,premier-league,2022-2023,3,21.08.2022,10:30,29 out of 171,Newcastle,Manchester City,3,3,"['28', '39', '54']","['Almiron M.', 'Wilson C.', 'Trippier K.']","['Saint-Maximin A.', 'Saint-Maximin A.', 'noName']","['5', '60', '64']","['Gundogan I.', 'Haaland E.', 'Silva B.']","['Silva B.', 'Rodri', 'De Bruyne K.']",32%,68%,8,9,5,5,2,2,1,2,3,10,4,0,2,0,3,8,4,3,8,3,2,1,0,0,138,305,94,263,6,5,39,65,20,20,30%,70%,4,12,1,5,2,2,1,5,5,6,1,5,0,1,5,9,3,0,6,4,2,1,0,0,137,303,81,249,7,4,39,52,18,32,7.00,4.75,1.42,0,0,1.17,4.50,1.58,2.27,2.45,1.50
28,england,premier-league,2022-2023,3,21.08.2022,08:00,28 out of 171,Leeds,Chelsea,3,0,"['33', '37', '69']","['Aaronson B.', 'Rodrigo', 'Harrison J.']","['noName', 'Harrison J.', 'Rodrigo']",[],[],[],41%,59%,8,5,5,1,3,3,0,1,8,9,1,4,1,2,9,11,1,3,8,6,0,2,0,0,172,250,122,196,14,7,51,61,20,31,39%,61%,4,9,1,2,1,1,2,6,14,8,3,2,0,5,10,18,2,0,8,9,0,1,0,1,146,244,107,201,12,15,46,65,28,36,5.75,4.20,1.54,1.01,13.50,1.19,4.50,1.60,2.30,2.46,1.52
27,england,premier-league,2022-2023,3,21.08.2022,08:00,27 out of 171,West Ham,Brighton,0,2,[],[],[],"['22', '66']","['Mac Allister A.', 'Trossard L.']","['noName', 'Gross P.']",47%,53%,4,6,0,1,2,2,2,3,5,5,1,4,2,0,12,9,0,0,4,5,1,0,0,0,235,267,190,212,3,8,45,59,21,17,51%,49%,9,5,3,1,1,3,5,1,3,7,4,0,1,1,11,6,0,3,6,2,1,0,0,0,232,218,179,178,5,9,36,56,20,30,2.40,3.35,2.90,1.04,10.00,1.28,3.55,1.93,1.86,3.25,1.32
26,england,premier-league,2022-2023,3,20.08.2022,11:30,26 out of 171,Bournemouth,Arsenal,0,3,[],[],[],"['5', '11', '54']","['Odegaard M.', 'Odegaard M.', 'Saliba W.']","['noName', 'Jesus G.', 'Xhaka G.']",26%,74%,0,8,0,3,0,1,0,4,5,6,0,4,0,1,10,7,1,0,8,4,1,0,0,0,147,398,108,361,9,6,21,79,5,33,58%,42%,6,6,1,3,5,3,0,0,7,5,3,0,1,2,16,7,2,1,4,6,1,1,0,0,264,182,209,152,13,8,53,59,29,17,7.00,4.60,1.43,1.02,12.00,1.24,3.90,1.76,2.06,2.86,1.40
25,england,premier-league,2022-2023,3,20.08.2022,09:00,25 out of 171,Crystal Palace,Aston Villa,3,1,"['7', '58', '71']","['Zaha W.', 'Zaha W.', 'Mateta J.']","['Edouard O.', 'noName', 'Mitchell T.']",['5'],['Watkins O.'],['Bailey L.'],56%,44%,6,3,3,2,2,1,1,0,7,7,3,1,1,0,13,11,1,2,6,8,1,1,0,0,250,196,209,158,10,18,43,51,26,18,45%,55%,11,10,6,3,3,5,2,2,6,9,1,1,0,1,11,6,3,4,10,6,1,0,0,0,198,232,165,180,4,8,49,52,25,23,2.45,3.20,3.00,1.06,8.50,1.36,3.00,2.20,1.66,4.00,1.23
24,england,premier-league,2022-2023,3,20.08.2022,09:00,24 out of 171,Everton,Nottingham,1,1,['88'],['Gray D.'],['Pickford J.'],['81'],['Johnson B.'],['noName'],47%,53%,7,6,3,3,3,2,1,1,5,9,2,1,3,1,11,5,3,3,4,5,2,2,0,0,218,239,176,187,3,13,58,49,18,21,49%,51%,12,8,5,2,3,4,4,2,2,3,4,1,1,0,11,14,1,4,2,4,1,0,0,0,195,205,142,135,10,9,52,39,31,19,1.92,3.45,4.00,1.06,8.70,1.35,3.05,2.08,1.73,3.60,1.27
23,england,premier-league,2022-2023,3,20.08.2022,09:00,23 out of 171,Fulham,Brentford,3,2,"['1', '20', '90']","['Reid B.', 'Palhinha J.', 'Mitrovic A.']","['noName', 'Pereira A.', 'Mbabu K.']","['44', '71']","['Norgaard C.', 'Toney I.']","['Jensen M.', 'Wissa Y.']",45%,55%,10,5,5,3,1,1,4,1,5,7,3,1,3,4,16,17,2,3,4,1,2,0,0,0,162,202,125,157,8,8,36,32,19,17,43%,57%,8,8,4,2,3,3,1,3,8,11,3,2,2,3,5,14,1,3,9,6,1,2,0,0,149,215,93,148,4,4,43,58,20,28,2.60,3.30,2.70,1.03,10.50,1.26,3.70,1.88,1.92,3.15,1.34
22,england,premier-league,2022-2023,3,20.08.2022,09:00,22 out of 171,Leicester,Southampton,1,2,['54'],['Maddison J.'],['noName'],"['68', '84']","['Adams C.', 'Adams C.']","['Bella-Kotchap A.', 'Ward-Prowse J.']",70%,30%,5,2,0,1,3,1,2,0,8,5,2,1,0,1,13,7,1,0,5,8,0,0,0,0,341,141,292,91,13,11,79,36,39,12,54%,46%,1,7,1,2,0,4,0,1,6,6,0,4,0,0,20,13,0,0,6,7,2,3,0,0,215,194,162,147,2,8,46,58,26,31,1.82,3.85,4.00,1.01,13.50,1.18,4.60,1.58,2.35,2.38,1.55
21,england,premier-league,2022-2023,3,20.08.2022,06:30,21 out of 171,Tottenham,Wolves,1,0,['64'],['Kane H.'],['Perisic I.'],[],[],[],50%,50%,1,12,1,2,0,7,0,3,4,8,3,2,2,0,5,8,2,1,7,5,1,0,0,0,268,265,241,230,5,9,56,51,21,22,50%,50%,10,8,3,1,5,1,2,6,3,2,5,4,0,0,9,7,1,2,3,3,1,2,0,0,204,212,168,166,13,9,43,38,55,41,1.46,4.50,6.50,1.02,13.00,1.19,4.30,1.66,2.20,2.61,1.47
20,england,premier-league,2022-2023,2,15.08.2022,14:00,20 out of 171,Liverpool,Crystal Palace,1,1,['61'],['Diaz L.'],['Milner J.'],['32'],['Zaha W.'],['Eze E.'],75%,25%,17,4,3,3,6,1,8,0,4,3,3,1,0,1,12,9,2,3,3,3,1,0,0,0,392,127,337,78,9,12,92,29,49,4,71%,29%,7,3,1,0,4,3,2,0,5,7,1,1,3,1,15,8,0,0,4,5,1,4,1,0,349,147,302,104,11,11,84,34,38,14,1.22,6.50,12.00,1.01,14.75,1.17,4.80,1.58,2.37,2.44,1.52
19,england,premier-league,2022-2023,2,14.08.2022,10:30,19 out of 171,Chelsea,Tottenham,2,2,"['19', '77']","['Koulibaly K.', 'James R.']","['Cucurella M.', 'Sterling R.']","['68', '90+6']","['Hojbjerg P.', 'Kane H.']","['Davies B.', 'Perisic I.']",68%,32%,8,2,2,1,3,0,3,1,4,4,4,0,2,0,8,10,1,1,3,6,1,0,0,0,356,169,315,134,14,10,82,28,54,6,60%,40%,8,8,1,4,3,2,4,2,3,5,4,5,0,1,18,8,2,0,6,3,2,0,0,0,218,149,176,117,15,15,50,32,42,20,2.05,3.45,3.55,1.04,10.00,1.28,3.50,1.90,1.88,3.15,1.33
18,england,premier-league,2022-2023,2,14.08.2022,08:00,18 out of 171,Nottingham,West Ham,1,0,['45+2'],['Awoniyi T.'],['noName'],[],[],[],50%,50%,11,8,4,2,4,4,3,2,7,6,3,2,2,2,9,11,2,3,5,7,0,1,0,0,172,171,124,133,10,6,43,52,27,26,36%,64%,2,11,2,3,0,4,0,4,4,4,3,5,1,0,8,17,3,2,5,4,4,0,0,0,116,210,66,151,6,10,27,41,21,29,4.00,3.60,1.87,1.04,10.25,1.28,3.55,1.86,1.93,3.05,1.36
17,england,premier-league,2022-2023,2,13.08.2022,11:30,17 out of 171,Brentford,Manchester Utd,4,0,"['10', '18', '30', '35']","['Dasilva J.', 'Jensen M.', 'Mee B.', 'Mbeumo B.']","['Jensen M.', 'noName', 'Toney I.', 'Toney I.']",[],[],[],32%,68%,7,8,4,2,2,3,1,3,5,4,3,0,0,1,6,10,2,0,4,7,0,1,0,0,132,277,82,230,2,8,32,50,20,31,34%,66%,6,7,3,2,1,4,2,1,9,3,5,2,1,1,9,13,2,3,2,8,0,3,0,0,123,248,87,209,4,4,36,59,22,35,3.90,3.60,1.90,1.03,11.75,1.22,4.05,1.70,2.12,2.67,1.45
16,england,premier-league,2022-2023,2,13.08.2022,09:00,16 out of 171,Arsenal,Leicester,4,2,"['23', '35', '55', '75']","['Jesus G.', 'Jesus G.', 'Xhaka G.', 'Martinelli G.']","['Xhaka G.', 'noName', 'Jesus G.', 'Jesus G.']","['53', '74']","['Saliba W.', 'Maddison J.']","['noName', 'Iheanacho K.']",55%,45%,10,1,3,1,5,0,2,0,7,6,2,0,0,2,9,6,1,1,7,5,0,1,0,0,257,210,217,169,3,7,56,39,41,13,44%,56%,9,5,4,1,3,3,2,1,5,9,4,2,2,1,6,11,0,2,8,4,1,0,0,0,205,262,169,209,5,5,45,42,24,13,1.54,4.20,6.00,1.02,12.75,1.19,4.30,1.65,2.22,2.56,1.48
15,england,premier-league,2022-2023,2,13.08.2022,09:00,15 out of 171,Brighton,Newcastle,0,0,[],[],[],[],[],[],48%,52%,6,3,4,1,1,1,1,1,5,5,3,0,1,2,8,9,1,4,5,3,1,1,0,0,176,193,121,146,14,7,46,52,29,27,62%,38%,7,1,3,0,2,1,2,0,5,3,4,3,0,2,15,13,0,3,3,3,1,2,0,0,198,121,165,82,4,5,46,24,37,12,2.40,3.20,3.00,1.06,8.70,1.34,3.10,2.14,1.70,3.80,1.25
14,england,premier-league,2022-2023,2,13.08.2022,09:00,14 out of 171,Manchester City,Bournemouth,4,0,"['19', '31', '37', '79']","['Gundogan I.', 'De Bruyne K.', 'Foden P.', 'Lerma J.']","['Haaland E.', 'Foden P.', 'De Bruyne K.', 'noName']",[],[],[],68%,32%,12,2,5,1,3,0,4,1,3,4,7,1,1,1,6,5,1,2,3,3,0,1,0,0,355,165,330,127,2,6,55,29,43,10,66%,34%,7,1,2,0,3,1,2,0,6,7,4,0,1,0,7,3,0,1,6,6,0,2,0,0,341,188,313,150,6,4,106,13,35,2,1.08,11.00,23.00,0,0,1.06,8.20,1.29,3.60,1.72,2.10
13,england,premier-league,2022-2023,2,13.08.2022,09:00,13 out of 171,Southampton,Leeds,2,2,"['72', '81']","['Aribo J.', 'Walker-Peters K.']","['Armstrong A.', 'Mara S.']","['46', '60']","['Rodrigo', 'Rodrigo']","['Harrison J.', 'Struijk P.']",37%,63%,6,5,0,2,5,2,1,1,7,4,1,2,0,1,10,14,2,0,5,6,0,2,0,0,158,268,110,203,8,15,52,62,16,21,49%,51%,8,8,4,3,2,2,2,3,6,6,1,3,1,0,14,14,1,2,5,6,1,1,0,0,174,186,120,130,9,12,74,39,22,15,2.38,3.60,2.75,1.01,13.25,1.18,4.60,1.63,2.26,2.52,1.50
12,england,premier-league,2022-2023,2,13.08.2022,09:00,12 out of 171,Wolves,Fulham,0,0,[],[],[],[],[],[],60%,40%,5,4,1,0,4,3,0,1,4,5,4,1,1,0,13,12,0,1,4,5,2,1,0,0,270,176,225,134,5,10,48,49,23,21,60%,40%,2,5,0,3,1,2,1,0,9,2,1,2,0,0,8,13,3,0,3,9,1,2,0,0,226,152,166,102,13,8,46,54,14,19,2.20,3.30,3.30,1.04,9.70,1.29,3.40,1.96,1.84,3.30,1.31
11,england,premier-league,2022-2023,2,13.08.2022,06:30,11 out of 171,Aston Villa,Everton,2,1,"['31', '86']","['Ings D.', 'Buendia E.']","['Watkins O.', 'Watkins O.']",['87'],['Digne L.'],['noName'],62%,38%,2,4,1,0,1,1,0,3,6,5,2,3,0,2,10,11,0,0,5,4,1,1,0,0,312,189,265,141,9,11,69,42,29,16,52%,48%,10,11,3,4,3,1,4,6,4,5,3,5,2,1,10,7,3,2,4,3,3,0,0,0,205,189,167,147,6,5,42,44,36,16,1.83,3.50,4.33,1.06,8.50,1.36,3.05,2.10,1.73,3.65,1.27
10,england,premier-league,2022-2023,1,07.08.2022,10:30,10 out of 171,West Ham,Manchester City,0,2,[],[],[],"['36', '65']","['Haaland E.', 'Haaland E.']","['noName', 'De Bruyne K.']",21%,79%,3,6,0,1,1,3,2,2,3,2,1,1,1,1,3,8,0,0,3,3,0,1,0,0,106,403,74,373,4,2,25,66,12,31,29%,71%,3,8,1,1,1,5,1,2,1,8,0,3,3,0,8,4,0,1,5,1,0,0,0,0,157,430,132,401,10,4,23,68,7,28,7.50,4.60,1.41,1.01,14.25,1.13,5.50,1.47,2.59,2.17,1.66
9,england,premier-league,2022-2023,1,07.08.2022,08:00,9 out of 171,Leicester,Brentford,2,2,"['33', '46']","['Castagne T.', 'Dewsbury-Hall K.']","['Maddison J.', 'Vardy J.']","['62', '86']","['Toney I.', 'Dasilva J.']","['Henry R.', 'noName']",62%,38%,8,2,3,1,4,1,1,0,2,2,4,2,1,0,6,5,1,2,1,2,0,0,0,0,364,226,331,189,9,9,72,44,24,8,48%,52%,6,6,2,2,2,3,2,1,5,6,1,4,1,2,16,7,0,1,5,3,0,0,0,0,216,231,157,186,4,2,42,48,11,12,2.05,3.45,3.55,1.03,10.00,1.27,3.55,1.84,1.90,3.05,1.35
8,england,premier-league,2022-2023,1,07.08.2022,08:00,8 out of 171,Manchester Utd,Brighton,1,2,['68'],['Mac Allister A.'],['noName'],"['30', '39']","['Gross P.', 'Gross P.']","['Welbeck D.', 'noName']",62%,38%,5,12,2,3,2,4,1,5,7,4,0,1,1,1,11,13,1,2,4,5,2,0,0,0,253,155,204,106,5,11,34,45,23,22,64%,36%,12,3,3,1,3,2,6,0,6,4,6,1,2,0,11,9,1,2,3,7,2,1,0,0,295,171,241,120,7,3,60,39,41,21,1.76,3.70,4.50,1.03,9.60,1.30,3.35,1.90,1.84,3.20,1.32
7,england,premier-league,2022-2023,1,06.08.2022,11:30,7 out of 171,Everton,Chelsea,0,1,[],[],[],['45+9'],['Jorginho'],['noName'],32%,68%,3,10,1,5,2,1,0,4,6,5,2,13,0,1,5,7,4,1,6,6,1,0,0,0,143,299,109,270,14,9,41,54,24,62,42%,58%,5,5,3,1,1,2,1,2,6,8,2,3,0,1,17,9,1,3,8,5,2,2,0,0,192,267,137,220,10,10,59,43,22,23,5.25,3.80,1.65,1.04,9.00,1.33,3.15,2.03,1.75,3.50,1.27
6,england,premier-league,2022-2023,1,06.08.2022,09:00,6 out of 171,Bournemouth,Aston Villa,2,0,"['2', '80']","['Lerma J.', 'Moore K.']","['noName', 'Kelly L.']",[],[],[],34%,66%,4,8,2,2,1,4,1,2,13,8,2,4,0,3,7,8,2,1,9,10,2,2,0,0,152,284,103,239,11,5,4,16,5,4,34%,66%,3,7,1,0,1,3,1,4,8,11,3,1,1,1,7,11,0,0,9,6,1,1,0,0,149,287,108,240,9,5,67,127,28,78,3.75,3.30,2.05,1.04,8.90,1.32,3.15,2.03,1.75,3.50,1.27
5,england,premier-league,2022-2023,1,06.08.2022,09:00,5 out of 171,Leeds,Wolves,2,1,"['24', '74']","['Rodrigo', 'Ait Nouri R.']","['Harrison J.', 'noName']",['6'],['Podence D.'],['Hwang Hee-Chan'],47%,53%,7,7,3,4,2,3,2,0,2,5,3,0,0,1,10,10,3,2,5,3,1,0,0,0,198,222,152,177,7,9,67,42,30,20,31%,69%,5,8,1,2,3,3,1,3,8,8,3,4,0,0,6,12,2,0,8,6,1,0,0,0,157,324,117,286,14,7,30,72,18,43,2.40,3.20,3.00,1.03,10.00,1.27,3.55,1.90,1.85,3.20,1.32
4,england,premier-league,2022-2023,1,06.08.2022,09:00,4 out of 171,Newcastle,Nottingham,2,0,"['58', '78']","['Schar F.', 'Wilson C.']","['noName', 'Joelinton']",[],[],[],65%,35%,14,3,6,0,5,1,3,2,7,6,7,0,0,0,11,14,0,6,6,8,0,2,0,0,261,140,205,90,10,7,79,33,53,12,59%,41%,9,2,4,0,3,2,2,0,6,5,4,1,2,0,8,11,0,2,3,6,0,1,0,0,208,154,173,116,9,8,62,35,47,14,1.68,3.75,5.00,1.03,9.70,1.29,3.40,1.90,1.86,3.15,1.32
3,england,premier-league,2022-2023,1,06.08.2022,09:00,3 out of 171,Tottenham,Southampton,4,1,"['21', '31', '61', '63']","['Sessegnon R.', 'Dier E.', 'Salisu M.', 'Kulusevski D.']","['Kulusevski D.', 'Son Heung-Min', 'noName', 'Emerson Royal']",['12'],['Ward-Prowse J.'],['Djenepo M.'],59%,41%,9,3,5,1,2,2,2,0,3,6,6,1,0,0,15,6,0,3,7,3,1,0,0,0,276,194,231,153,13,6,12,14,12,9,57%,43%,9,7,3,1,4,3,2,3,3,7,4,1,2,0,5,8,1,1,4,3,2,0,0,0,278,216,239,184,11,8,83,76,55,36,1.40,5.00,7.00,1.01,13.25,1.18,4.50,1.60,2.25,2.50,1.49
2,england,premier-league,2022-2023,1,06.08.2022,06:30,2 out of 171,Fulham,Liverpool,2,2,"['32', '72']","['Mitrovic A.', 'Mitrovic A.']","['Tete K.', 'noName']","['64', '80']","['Nunez D.', 'Salah M.']","['noName', 'Nunez D.']",28%,72%,5,3,1,0,1,2,3,1,4,7,3,1,2,1,9,13,0,0,5,4,1,0,0,0,135,361,84,296,9,4,45,68,23,21,38%,62%,4,8,2,4,1,3,1,1,7,3,1,3,2,3,13,21,2,1,2,5,1,0,0,0,159,251,97,177,15,7,53,54,20,42,9.50,5.50,1.30,1.01,15.00,1.11,5.80,1.44,2.69,2.10,1.68
1,england,premier-league,2022-2023,1,05.08.2022,14:00,1 out of 171,Crystal Palace,Arsenal,0,2,[],[],[],"['20', '85']","['Martinelli G.', 'Guehi M.']","['Zinchenko O.', 'noName']",44%,56%,3,5,1,2,0,1,2,2,5,8,1,2,1,1,12,12,1,1,8,5,0,1,0,0,230,288,194,243,12,18,53,61,16,35,68%,32%,7,5,1,0,2,3,4,2,6,7,2,3,0,1,13,2,0,1,8,6,1,1,0,0,332,150,293,117,6,11,57,25,44,15,4.33,3.50,1.86,1.04,8.90,1.33,3.15,2.00,1.76,3.40,1.28
